Dvote,year,state,evotes,constant,n1,n2,n3,n4,s1,s2,s3,s4,s5,s6,s7,s8,s9,r1,r2,r3,r4,r5,r6
0.46233426,1992,1,9,1,0.575,-0.37,-0.37,-0.345,-0.058,-0.021,0,0,0.2809524,-0.60858452,-0.5169,-0.110198911,0,1,0,0,0,0,0
0.436793627,1992,2,3,1,0.575,-0.37,-0.37,-0.345,-0.084,-0.099,0,0,0.075,-0.60858452,0.2181,-0.17,0,0,0,0,0,0,0
0.489229663,1992,3,8,1,0.575,-0.37,-0.37,-0.345,-0.068,-0.079,0,0,-0.05,0.69141548,-0.3627,-0.17,0,0,0,0,0,0,0
0.59888739,1992,4,6,1,0.575,-0.37,-0.37,-0.345,-0.033,-0.02,1,0,0.3888889,-1.40858452,-0.2121,-0.050334758,0,1,0,0,0,0,0
0.590312336,1992,5,54,1,0.575,-0.37,-0.37,-0.345,0.021,0.043,0,0,0.08974359,0.99141548,0.1496,0.109646346,0,0,0,0,0,0,0
0.528929913,1992,6,8,1,0.575,-0.37,-0.37,-0.345,-0.001,-0.052,0,0,-0.1,-1.50858452,-0.0206,-0.01116556,0,0,0,0,0,0,0
0.541597734,1992,7,8,1,0.575,-0.37,-0.37,-0.345,0.013,-0.018,0,0,0.08278146,1.99141548,0.4493,0.059624753,0,0,0,0,0,0,0
0.55157092,1992,8,3,1,0.575,-0.37,-0.37,-0.345,-0.023,-0.008,0,0,-0.0853659,2.49141548,-0.186,-0.013514049,0,0,0,0,0,0,0
0.489747582,1992,9,25,1,0.575,-0.37,-0.37,-0.345,-0.074,-0.061,0,0,0.1166667,0.69141548,-0.3438,-0.17,0,1,0,0,0,0,0
0.504029928,1992,10,13,1,0.575,-0.37,-0.37,-0.345,-0.063,-0.01,0,0,0.3055556,-0.30858452,-0.4633,-0.108569125,0,1,0,0,0,0,0
0.567332545,1992,11,4,1,0.575,-0.37,-0.37,-0.345,0.087,0.035,0,0,0.3823529,-0.60858452,0.5367,0.17,0,0,0,0,0,0,0
0.403060621,1992,12,4,1,0.575,-0.37,-0.37,-0.345,-0.094,-0.141,0,0,-0.166667,-3.10858452,-0.3122,-0.17,0,0,0,0,0,0,0
0.580694048,1992,13,22,1,0.575,-0.37,-0.37,-0.345,0.028,0.027,0,0,0.1101695,0.29141548,0.0039,0.1474947,0,0,0,0,0,0,0
0.460747275,1992,14,12,1,0.575,-0.37,-0.37,-0.345,-0.042,-0.029,0,-1,0.02,-0.70858452,-0.008,-0.128398981,0,0,0,0,0,0,0
0.537079502,1992,15,7,1,0.575,-0.37,-0.37,-0.345,0.09,0.055,0,0,0.11,-0.50858452,0.0031,0.17,0,0,0,0,0,0,0
0.465260497,1992,16,6,1,0.575,-0.37,-0.37,-0.345,-0.029,-0.078,0,0,0.004,-1.40858452,-0.5155,-0.106460357,0,0,0,0,0,0,0
0.518633034,1992,17,8,1,0.575,-0.37,-0.37,-0.345,-0.019,-0.012,0,0,0.18,-2.00858452,-0.0821,-0.009231122,0,0,0,0,0,0,0
0.527642321,1992,18,9,1,0.575,-0.37,-0.37,-0.345,-0.013,-0.022,0,0,0.3285714,-1.10858452,-0.3767,-0.00597994,0,1,0,0,0,0,0
0.558357375,1992,19,4,1,0.575,-0.37,-0.37,-0.345,-0.018,-0.019,0,0,0.1423841,1.29141548,0.4677,-0.015436929,0,0,0,0,0,0,0
0.583779131,1992,20,10,1,0.575,-0.37,-0.37,-0.345,0.024,0.064,0,0,0.3297872,1.59141548,0.2438,0.17,0,0,0,0,0,0,0
0.620422259,1992,21,12,1,0.575,-0.37,-0.37,-0.345,0.029,0.078,0,0,0.2672956,1.59141548,0.534,0.17,0,0,0,0,0,0,0
0.539352698,1992,22,18,1,0.575,-0.37,-0.37,-0.345,0,-0.003,0,0,0.05454545,-1.00858452,0.1034,0.04386715,0,0,0,0,0,0,0
0.575136174,1992,23,10,1,0.575,-0.37,-0.37,-0.345,0.074,0.027,0,0,0.08955224,-0.70858452,0.2634,0.17,0,0,0,0,0,0,0
0.449312302,1992,24,7,1,0.575,-0.37,-0.37,-0.345,-0.066,-0.031,0,0,0.3442623,-1.60858452,-0.761,-0.140383195,0,1,0,0,0,0,0
0.564906225,1992,25,11,1,0.575,-0.37,-0.37,-0.345,0.019,-0.008,0,0,0.101227,-0.20858452,0.0945,0.084465638,0,0,0,0,0,0,0
0.517131999,1992,26,3,1,0.575,-0.37,-0.37,-0.345,0.009,-0.021,0,0,0.11,-2.10858452,0.3816,0.046731717,0,0,0,0,0,0,0
0.38697548,1992,27,5,1,0.575,-0.37,-0.37,-0.345,-0.066,-0.118,0,0,-0.22,-0.60858452,-0.7822,-0.17,0,0,0,0,0,0,0
0.519652222,1992,28,4,1,0.575,-0.37,-0.37,-0.345,-0.069,-0.081,0,0,0.02380952,-0.60858452,-0.2915,-0.17,0,0,0,0,0,0,0
0.509389585,1992,29,4,1,0.575,-0.37,-0.37,-0.345,-0.094,-0.097,0,0,0.1792929,1.59141548,-0.1827,-0.17,0,0,0,0,0,0,0
0.510627414,1992,30,15,1,0.575,-0.37,-0.37,-0.345,-0.03,-0.013,0,0,0.0443038,1.49141548,0.4239,-0.035794622,0,0,0,0,0,0,0
0.549912798,1992,31,5,1,0.575,-0.37,-0.37,-0.345,0.014,-0.011,0,0,0.1428571,-0.90858452,-0.1434,0.06877636,0,0,0,0,0,0,0
0.591608161,1992,32,33,1,0.575,-0.37,-0.37,-0.345,0.06,0.0395,0,0,0.1133333,0.79141548,0.298,0.17,0,0,0,0,0,0,0
0.495757131,1992,33,14,1,0.575,-0.37,-0.37,-0.345,-0.043,-0.028,0,0,0.1166667,-1.20858452,-0.5367,-0.082051061,0,1,0,0,0,0,0
0.421998507,1992,34,3,1,0.575,-0.37,-0.37,-0.345,-0.027,-0.065,0,0,-0.0471698,-1.30858452,-0.1912,-0.088446444,0,0,0,0,0,0,0
0.511552201,1992,35,21,1,0.575,-0.37,-0.37,-0.345,-0.016,-0.003,0,0,0.1161616,0.49141548,-0.2095,0.009914936,0,0,0,0,0,0,0
0.443778817,1992,36,8,1,0.575,-0.37,-0.37,-0.345,-0.045,-0.099,0,0,0.1831683,-0.70858452,-0.2404,-0.169154844,0,0,0,0,0,0,0
0.571109291,1992,37,7,1,0.575,-0.37,-0.37,-0.345,0.063,0.031,0,0,0.03333333,-1.60858452,0.3048,0.17,0,0,0,0,0,0,0
0.555791011,1992,38,23,1,0.575,-0.37,-0.37,-0.345,0.027,0.055,0,0,0.0270936,0.79141548,0.1071,0.17,0,0,0,0,0,0,0
0.620009974,1992,39,4,1,0.575,-0.37,-0.37,-0.345,0.098,0.074,0,0,0.39,3.19141548,0.693,0.17,0,0,0,0,0,0,0
0.453991353,1992,40,8,1,0.575,-0.37,-0.37,-0.345,-0.082,-0.049,0,0,0.137931,1.29141548,-0.5476,-0.17,0,1,0,0,0,0,0
0.477421501,1992,41,3,1,0.575,-0.37,-0.37,-0.345,0.007,-0.041,0,0,-0.142857,-2.00858452,-0.0197,0.01885984,0,0,0,0,0,0,0
0.526098965,1992,42,11,1,0.575,-0.37,-0.37,-0.345,-0.043,0.01,0,1,0.07575758,-1.00858452,-0.2737,-0.039106178,0,1,0,0,0,0,0
0.480898717,1992,43,32,1,0.575,-0.37,-0.37,-0.345,0.005,-0.021,-1,0,0.12,-2.10858452,-0.2663,-0.060174479,0,1,0,0,0,0,0
0.363223542,1992,44,5,1,0.575,-0.37,-0.37,-0.345,-0.135,-0.159,0,0,-0.0866667,-1.80858452,-0.2153,-0.17,0,0,0,0,0,0,0
0.59533398,1992,45,3,1,0.575,-0.37,-0.37,-0.345,0.021,0.005,0,0,-0.0067568,0.79141548,0.1404,0.105162079,0,0,0,0,0,0,0
0.474233584,1992,46,13,1,0.575,-0.37,-0.37,-0.345,-0.065,-0.035,0,0,0.1020408,1.49141548,-0.6992,-0.140769378,0,1,0,0,0,0,0
0.5838545,1992,47,11,1,0.575,-0.37,-0.37,-0.345,0.047,0.026,0,0,0.1428571,-1.10858452,0.3543,0.17,0,0,0,0,0,0,0
0.577585643,1992,48,5,1,0.575,-0.37,-0.37,-0.345,0.063,0.039,0,0,0.24,0.39141548,0.2172,0.17,0,0,0,0,0,0,0
0.527952979,1992,49,11,1,0.575,-0.37,-0.37,-0.345,0.057,0.045,0,0,0.07575758,-1.00858452,0.1926,0.17,0,0,0,0,0,0,0
0.460334688,1992,50,3,1,0.575,-0.37,-0.37,-0.345,-0.075,-0.122,0,0,-0.15625,-0.40858452,-0.2202,-0.17,0,0,0,0,0,0,0
0.403,1988,1,9,1,0.4556,-0.48,0,-0.76,-0.021,-0.027,0,0,0.347619048,-0.314567419,-0.5169,0.065182405,0,0,0,0,0,0,0
0.377,1988,2,3,1,0.4556,-0.48,0,-0.76,-0.099,-0.12,0,0,0.1,5.485432581,0.2181,-0.288814539,0,0,0,0,0,0,0
0.393,1988,3,7,1,0.4556,-0.48,0,-0.76,-0.079,-0.129,0,0,-0.1,-1.014567419,-0.3627,-0.253641362,0,0,0,0,0,0,0
0.428,1988,4,6,1,0.4556,-0.48,0,-0.76,-0.02,-0.023,0,0,0.41,2.785432581,-0.2121,0.069746095,0,0,0,0,0,0,0
0.482,1988,5,47,1,0.4556,-0.48,0,-0.76,0.043,-0.009,0,0,0.05,-0.314567419,0.1496,0.043125838,0,0,0,0,0,0,0
0.46,1988,6,8,1,0.4556,-0.48,0,-0.76,-0.052,-0.086,0,0,-0.115384615,3.885432581,-0.0206,-0.145322208,0,0,0,0,0,0,0
0.474,1988,7,8,1,0.4556,-0.48,0,-0.76,-0.018,-0.003,0,0,0.109271523,-1.814567419,0.4493,0.020126586,0,0,0,0,0,0,0
0.438,1988,8,3,1,0.4556,-0.48,0,-0.76,-0.008,0.04,0,0,-0.036585366,-0.914567419,-0.186,0.08921211,0,0,0,0,0,0,0
0.387,1988,9,21,1,0.4556,-0.48,0,-0.76,-0.061,-0.11,0,0,0.125,-2.514567419,-0.3438,-0.116462192,0,0,0,0,0,0,0
0.398,1988,10,12,1,0.4556,-0.48,0,-0.76,-0.01,-0.01,0,0,0.35,-1.114567419,-0.4633,0.177094405,0,0,0,0,0,0,0
0.548,1988,11,4,1,0.4556,-0.48,0,-0.76,0.035,0.064,0,0,0.3,-1.014567419,0.5367,0.211903229,0,0,0,0,0,0,0
0.367,1988,12,4,1,0.4556,-0.48,0,-0.76,-0.141,-0.172,0,0,-0.261904762,0.085432581,-0.3122,-0.305,0,0,0,0,0,0,0
0.489,1988,13,24,1,0.4556,-0.48,0,-0.76,0.027,0.009,0,0,0.06779661,0.085432581,0.0039,0.137307524,0,0,0,0,0,0,0
0.399,1988,14,12,1,0.4556,-0.48,0,-0.76,-0.029,-0.045,0,-1,-0.02,-0.514567419,-0.008,-0.049095655,0,0,0,0,0,0,0
0.551,1988,15,8,1,0.4556,-0.48,0,-0.76,0.055,-0.018,0,0,0.08,1.785432581,0.0031,0.172199291,0,0,0,0,0,0,0
0.432,1988,16,7,1,0.4556,-0.48,0,-0.76,-0.078,-0.081,0,0,-0.092,0.485432581,-0.5155,-0.201988203,0,0,0,0,0,0,0
0.442,1988,17,9,1,0.4556,-0.48,0,-0.76,-0.012,0.046,0,0,0.21,-1.114567419,-0.0821,0.08512271,0,0,0,0,0,0,0
0.448,1988,18,10,1,0.4556,-0.48,0,-0.76,-0.022,-0.048,0,0,0.352941176,1.985432581,-0.3767,0.03921828,0,0,0,0,0,0,0
0.443,1988,19,4,1,0.4556,-0.48,0,-0.76,-0.019,0.034,0,0,0.069536424,-2.814567419,0.4677,0.056741221,0,0,0,0,0,0,0
0.485,1988,20,10,1,0.4556,-0.48,0,-0.76,0.064,0.069,0,0,0.379432624,-0.814567419,0.2438,0.285484999,0,0,0,0,0,0,0
0.54,1988,21,13,1,0.4556,-0.48,0,-0.76,0.078,0.052,1,0,0.29375,-1.614567419,0.534,0.29892509,0,0,0,0,0,0,0
0.461,1988,22,20,1,0.4556,-0.48,0,-0.76,-0.003,0.017,0,0,0.081818182,1.485432581,0.1034,0.074719594,0,0,0,0,0,0,0
0.535,1988,23,10,1,0.4556,-0.48,0,-0.76,0.027,0.05,0,0,0.119402985,1.285432581,0.2634,0.305,0,0,0,0,0,0,0
0.395,1988,24,7,1,0.4556,-0.48,0,-0.76,-0.031,-0.027,0,0,0.426229508,1.885432581,-0.761,0.040898285,0,0,0,0,0,0,0
0.48,1988,25,11,1,0.4556,-0.48,0,-0.76,-0.008,0.017,0,0,0.180981595,1.385432581,0.0945,0.063482293,0,0,0,0,0,0,0
0.47,1988,26,4,1,0.4556,-0.48,0,-0.76,-0.021,-0.084,0,0,-0.01,0.985432581,0.3816,-0.071819764,0,0,0,0,0,0,0
0.395,1988,27,5,1,0.4556,-0.48,0,-0.76,-0.118,-0.163,0,0,-0.22,3.285432581,-0.7822,-0.305,0,0,0,0,0,0,0
0.392,1988,28,4,1,0.4556,-0.48,0,-0.76,-0.081,-0.146,0,0,0.19047619,-2.614567419,-0.2915,-0.276207538,0,0,0,0,0,0,0
0.367,1988,29,4,1,0.4556,-0.48,0,-0.76,-0.097,-0.117,0,0,-0.17,-4.014567419,-0.1827,-0.283586151,0,0,0,0,0,0,0
0.431,1988,30,16,1,0.4556,-0.48,0,-0.76,-0.013,-0.021,0,0,-0.0125,-0.914567419,0.4239,0.01174113,0,0,0,0,0,0,0
0.475,1988,31,5,1,0.4556,-0.48,0,-0.76,-0.011,-0.046,0,0,0.171428571,0.485432581,-0.1434,-0.010486411,0,0,0,0,0,0,0
0.521,1988,32,36,1,0.4556,-0.48,0,-0.76,0.027,0.038,0,0,0.121621622,-0.514567419,0.298,0.224020056,0,0,0,0,0,0,0
0.418,1988,33,13,1,0.4556,-0.48,0,-0.76,-0.028,-0.031,0,0,0.2,-1.114567419,-0.5367,0.043108058,0,0,0,0,0,0,0
0.434,1988,34,3,1,0.4556,-0.48,0,-0.76,-0.065,-0.156,0,0,-0.075471698,1.685432581,-0.1912,-0.250768295,0,0,0,0,0,0,0
0.445,1988,35,23,1,0.4556,-0.48,0,-0.76,-0.003,-0.004,0,0,0.106060606,0.285432581,-0.2095,0.053522796,0,0,0,0,0,0,0
0.416,1988,36,8,1,0.4556,-0.48,0,-0.76,-0.099,-0.081,0,0,0.193069307,1.885432581,-0.2404,-0.248902414,0,0,0,0,0,0,0
0.524,1988,37,7,1,0.4556,-0.48,0,-0.76,0.031,-0.002,0,0,0.016666667,-0.914567419,0.3048,0.133098778,0,0,0,0,0,0,0
0.488,1988,38,25,1,0.4556,-0.48,0,-0.76,0.055,0.014,0,0,0.007389163,-0.414567419,0.1071,0.206284379,0,0,0,0,0,0,0
0.559,1988,39,4,1,0.4556,-0.48,0,-0.76,0.074,0.115,0,0,0.3,-0.914567419,0.693,0.305,0,0,0,0,0,0,0
0.379,1988,40,8,1,0.4556,-0.48,0,-0.76,-0.049,-0.026,0,0,0.241935484,-1.414567419,-0.5476,-0.000490752,0,0,0,0,0,0,0
0.468,1988,41,3,1,0.4556,-0.48,0,-0.76,-0.041,-0.103,0,0,-0.185714286,-0.014567419,-0.0197,-0.138547001,0,0,0,0,0,0,0
0.418,1988,42,11,1,0.4556,-0.48,0,-0.76,0.01,-0.022,0,0,0.116161616,-1.014567419,-0.2737,0.14179616,0,0,0,0,0,0,0
0.436,1988,43,29,1,0.4556,-0.48,0,-0.76,-0.021,-0.067,-1,1,0.126666667,3.085432581,-0.2663,-0.061052192,0,0,0,0,0,0,0
0.326,1988,44,5,1,0.4556,-0.48,0,-0.76,-0.159,-0.227,0,0,-0.14,1.785432581,-0.2153,-0.305,0,0,0,0,0,0,0
0.482,1988,45,3,1,0.4556,-0.48,0,-0.76,0.005,0.017,0,0,-0.003355705,-2.114567419,0.1404,0.094605844,0,0,0,0,0,0,0
0.396,1988,46,12,1,0.4556,-0.48,0,-0.76,-0.035,-0.088,0,0,0.146464646,-1.614567419,-0.6992,-0.031744693,0,0,0,0,0,0,0
0.508,1988,47,10,1,0.4556,-0.48,0,-0.76,0.026,-0.018,0,0,0.12244898,-0.614567419,0.3543,0.106169115,0,0,0,0,0,0,0
0.524,1988,48,6,1,0.4556,-0.48,0,-0.76,0.039,0.077,0,0,0.28,1.485432581,0.2172,0.235328397,0,0,0,0,0,0,0
0.518,1988,49,11,1,0.4556,-0.48,0,-0.76,0.045,0.027,0,0,0.045454545,-0.114567419,0.1926,0.19835236,0,0,0,0,0,0,0
0.386,1988,50,3,1,0.4556,-0.48,0,-0.76,-0.122,-0.138,0,0,-0.1875,3.385432581,-0.2202,-0.305,0,0,0,0,0,0,0
0.387,1984,1,9,1,0.3978,-0.54,-0.54,-1.82,-0.027,-0.017,0,0,0.423809524,-0.685403134,-0.5169,0.250480968,0,0,0,0,0,0,0
0.309,1984,2,3,1,0.3978,-0.54,-0.54,-1.82,-0.12,-0.13,0,0,-0.025,5.514596866,0.2181,-0.2875,0,0,0,0,0,0,0
0.329,1984,3,7,1,0.3978,-0.54,-0.54,-1.82,-0.129,-0.097,0,0,-0.15,-4.285403134,-0.3627,-0.2875,0,0,0,0,0,0,0
0.388,1984,4,6,1,0.3978,-0.54,-0.54,-1.82,-0.023,0.066,0,0,0.43,-3.685403134,-0.2121,0.2875,0,0,0,0,0,0,0
0.418,1984,5,47,1,0.3978,-0.54,-0.54,-1.82,-0.009,-0.02,-1,0,0.1,0.514596866,0.1496,-0.029767656,0,0,0,0,0,0,0
0.356,1984,6,8,1,0.3978,-0.54,-0.54,-1.82,-0.086,-0.07,0,0,-0.115384615,2.214596866,-0.0206,-0.186733854,0,0,0,0,0,0,0
0.39,1984,7,8,1,0.3978,-0.54,-0.54,-1.82,-0.003,-0.037,0,0,0.07615894,1.914596866,0.4493,0.030866635,0,0,0,0,0,0,0
0.4,1984,8,3,1,0.3978,-0.54,-0.54,-1.82,0.04,0.017,0,0,0.085365854,2.414596866,-0.186,0.188525284,0,0,0,0,0,0,0
0.347,1984,9,21,1,0.3978,-0.54,-0.54,-1.82,-0.11,-0.057,0,0,0.2,-1.485403134,-0.3438,0.024538807,0,0,0,0,0,0,0
0.398,1984,10,12,1,0.3978,-0.54,-0.54,-1.82,-0.01,0.019,0,0,0.366666667,-0.885403134,-0.4633,0.2875,0,0,0,0,0,0,0
0.443,1984,11,4,1,0.3978,-0.54,-0.54,-1.82,0.064,0.002,0,0,0.343137255,4.014596866,0.5367,0.21929404,0,0,0,0,0,0,0
0.267,1984,12,4,1,0.3978,-0.54,-0.54,-1.82,-0.172,-0.128,0,0,-0.228571429,-3.785403134,-0.3122,-0.2875,0,0,0,0,0,0,0
0.435,1984,13,24,1,0.3978,-0.54,-0.54,-1.82,0.009,-0.021,0,0,0.093220339,0.714596866,0.0039,0.076710309,0,0,0,0,0,0,0
0.379,1984,14,12,1,0.3978,-0.54,-0.54,-1.82,-0.045,-0.05,0,0,-0.07,-2.885403134,-0.008,-0.073672527,0,0,0,0,0,0,0
0.463,1984,15,8,1,0.3978,-0.54,-0.54,-1.82,-0.018,-0.016,0,0,0.1,-8.985403134,0.0031,0.025780048,0,0,0,0,0,0,0
0.33,1984,16,7,1,0.3978,-0.54,-0.54,-1.82,-0.081,-0.025,0,0,-0.076,-2.985403134,-0.5155,-0.151106132,0,0,0,0,0,0,0
0.396,1984,17,9,1,0.3978,-0.54,-0.54,-1.82,0.046,0.026,0,0,0.26,0.814596866,-0.0821,0.210771188,0,0,0,0,0,0,0
0.386,1984,18,10,1,0.3978,-0.54,-0.54,-1.82,-0.048,-0.054,0,0,0.394230769,3.614596866,-0.3767,0.158861043,0,0,0,0,0,0,0
0.389,1984,19,4,1,0.3978,-0.54,-0.54,-1.82,0.034,-0.015,0,0,0.109271523,1.814596866,0.4677,0.13487641,0,0,0,0,0,0,0
0.472,1984,20,10,1,0.3978,-0.54,-0.54,-1.82,0.069,0.019,0,0,0.379432624,-0.085403134,0.2438,0.252674562,0,0,0,0,0,0,0
0.486,1984,21,13,1,0.3978,-0.54,-0.54,-1.82,0.052,0.07,0,0,0.316455696,0.814596866,0.534,0.281066259,0,0,0,0,0,0,0
0.405,1984,22,20,1,0.3978,-0.54,-0.54,-1.82,0.017,0.028,0,0,0.072727273,0.314596866,0.1034,0.071321754,0,0,0,0,0,0,0
0.501,1984,23,10,1,0.3978,-0.54,-0.54,-1.82,0.05,0.03,1,0,0.074626866,-0.985403134,0.2634,0.2875,0,0,0,0,0,0,0
0.377,1984,24,7,1,0.3978,-0.54,-0.54,-1.82,-0.027,-0.074,0,0,0.458677686,-0.485403134,-0.761,0.178357176,0,0,0,0,0,0,0
0.4,1984,25,11,1,0.3978,-0.54,-0.54,-1.82,0.017,0.007,0,0,0.174846626,-0.585403134,0.0945,0.128912312,0,0,0,0,0,0,0
0.387,1984,26,4,1,0.3978,-0.54,-0.54,-1.82,-0.084,-0.049,0,0,0.05,-6.985403134,0.3816,-0.153930231,0,0,0,0,0,0,0
0.29,1984,27,5,1,0.3978,-0.54,-0.54,-1.82,-0.163,-0.117,0,0,-0.22,-11.78540313,-0.7822,-0.2875,0,0,0,0,0,0,0
0.327,1984,28,4,1,0.3978,-0.54,-0.54,-1.82,-0.146,-0.034,0,0,0.047619048,0.814596866,-0.2915,-0.266027567,0,0,0,0,0,0,0
0.311,1984,29,4,1,0.3978,-0.54,-0.54,-1.82,-0.117,-0.068,0,0,-0.1,-1.285403134,-0.1827,-0.24998857,0,0,0,0,0,0,0
0.395,1984,30,16,1,0.3978,-0.54,-0.54,-1.82,-0.021,-0.022,0,0,0.05,1.414596866,0.4239,0.011136013,0,0,0,0,0,0,0
0.397,1984,31,5,1,0.3978,-0.54,-0.54,-1.82,-0.046,-0.023,0,0,0.157142857,-0.085403134,-0.1434,-0.043068439,0,0,0,0,0,0,0
0.46,1984,32,36,1,0.3978,-0.54,-0.54,-1.82,0.038,0.011,0,1,0.151006711,1.614596866,0.298,0.177640975,0,0,0,0,0,0,0
0.38,1984,33,13,1,0.3978,-0.54,-0.54,-1.82,-0.031,-0.028,0,0,0.35,-0.485403134,-0.5367,0.227527511,0,0,0,0,0,0,0
0.343,1984,34,3,1,0.3978,-0.54,-0.54,-1.82,-0.156,-0.041,0,0,0.018867925,-22.28540313,-0.1912,-0.2875,0,0,0,0,0,0,0
0.405,1984,35,23,1,0.3978,-0.54,-0.54,-1.82,-0.004,-0.01,0,0,0.126262626,-0.485403134,-0.2095,0.061886794,0,0,0,0,0,0,0
0.309,1984,36,8,1,0.3978,-0.54,-0.54,-1.82,-0.081,-0.017,0,0,0.252475248,1.414596866,-0.2404,-0.107710924,0,0,0,0,0,0,0
0.439,1984,37,7,1,0.3978,-0.54,-0.54,-1.82,-0.002,-0.012,0,0,0.1,0.514596866,0.3048,0.062866077,0,0,0,0,0,0,0
0.463,1984,38,25,1,0.3978,-0.54,-0.54,-1.82,0.014,0.003,0,0,0.007389163,2.014596866,0.1071,0.116573233,0,0,0,0,0,0,0
0.482,1984,39,4,1,0.3978,-0.54,-0.54,-1.82,0.115,0.046,0,0,0.35,-0.085403134,0.693,0.2875,0,0,0,0,0,0,0
0.359,1984,40,8,1,0.3978,-0.54,-0.54,-1.82,-0.026,-0.018,0,0,0.337398374,0.414596866,-0.5476,0.249620031,0,0,0,0,0,0,0
0.367,1984,41,3,1,0.3978,-0.54,-0.54,-1.82,-0.103,-0.018,0,0,-0.271428571,-7.485403134,-0.0197,-0.156725162,0,0,0,0,0,0,0
0.418,1984,42,11,1,0.3978,-0.54,-0.54,-1.82,-0.022,-0.018,0,0,0.118556701,0.114596866,-0.2737,0.260328876,0,0,0,0,0,0,0
0.362,1984,43,29,1,0.3978,-0.54,-0.54,-1.82,-0.067,-0.068,0,-1,0.26,-0.185403134,-0.2663,0.050337034,0,0,0,0,0,0,0
0.249,1984,44,5,1,0.3978,-0.54,-0.54,-1.82,-0.227,-0.161,0,0,-0.273333333,-0.685403134,-0.2153,-0.2875,0,0,0,0,0,0,0
0.413,1984,45,3,1,0.3978,-0.54,-0.54,-1.82,0.017,-0.071,0,0,-0.060810811,1.414596866,0.1404,0.032125386,0,0,0,0,0,0,0
0.373,1984,46,12,1,0.3978,-0.54,-0.54,-1.82,-0.088,-0.091,0,0,0.156565657,0.014596866,-0.6992,0.028809845,0,0,0,0,0,0,0
0.434,1984,47,10,1,0.3978,-0.54,-0.54,-1.82,-0.018,-0.031,0,0,0.051020408,1.614596866,0.3543,0.006084058,0,0,0,0,0,0,0
0.447,1984,48,6,1,0.3978,-0.54,-0.54,-1.82,0.077,0.07,0,0,0.37,3.714596866,0.2172,0.2875,0,0,0,0,0,0,0
0.453,1984,49,11,1,0.3978,-0.54,-0.54,-1.82,0.027,-0.002,0,0,0.095959596,1.514596866,0.1926,0.136954714,0,0,0,0,0,0,0
0.286,1984,50,3,1,0.3978,-0.54,-0.54,-1.82,-0.138,-0.109,0,0,-0.103174603,1.014596866,-0.2202,-0.2875,0,0,0,0,0,0,0
0.493,1980,1,9,1,0.4872,0.38,0.38,-2.35,-0.017,-0.122,0,0,0.461904762,-1.016460465,-0.5169,0.115542906,0,1,0,0,0,0,0
0.327,1980,2,3,1,0.4872,0.38,0.38,-2.35,-0.13,-0.009,0,0,0.141025641,-1.816460465,0.2181,-0.252796087,0,0,0,0,0,0,-1
0.318,1980,3,6,1,0.4872,0.38,0.38,-2.35,-0.097,-0.052,0,0,-0.2,3.083539535,-0.3627,-0.208570254,0,0,0,0,0,0,-1
0.497,1980,4,6,1,0.4872,0.38,0.38,-2.35,0.066,-0.074,0,0,0.44,-4.016460465,-0.2121,0.2875,0,1,0,0,0,0,0
0.405,1980,5,45,1,0.4872,0.38,0.38,-2.35,-0.02,0.081,-1,0,0.125,0.883539535,0.1496,0.075891037,0,0,0,0,0,0,0
0.361,1980,6,7,1,0.4872,0.38,0.38,-2.35,-0.07,-0.026,0,0,-0.084615385,3.083539535,-0.0206,-0.117743042,0,0,0,0,0,0,-1
0.444,1980,7,8,1,0.4872,0.38,0.38,-2.35,-0.037,0.024,0,0,0.182119205,0.683539535,0.4493,0.011825828,0,0,0,0,0,0,0
0.487,1980,8,3,1,0.4872,0.38,0.38,-2.35,0.017,0.015,0,0,0.012195122,-0.116460465,-0.186,0.138400453,0,0,0,0,0,0,0
0.41,1980,9,17,1,0.4872,0.38,0.38,-2.35,-0.057,-0.103,0,0,0.241666667,3.283539535,-0.3438,0.030970464,0,1,0,0,0,0,0
0.576,1980,10,12,1,0.4872,0.38,0.38,-2.35,0.019,-0.135,1,0,0.383333333,0.283539535,-0.4633,0.2875,0,1,0,0,0,0,0
0.511,1980,11,4,1,0.4872,0.38,0.38,-2.35,0.002,-0.007,0,0,0.323529412,2.383539535,0.5367,0.082093671,0,0,0,0,0,0,0
0.275,1980,12,4,1,0.4872,0.38,0.38,-2.35,-0.128,-0.094,0,0,-0.214285714,-2.716460465,-0.3122,-0.2875,0,0,0,0,0,0,-1
0.456,1980,13,26,1,0.4872,0.38,0.38,-2.35,-0.021,0.025,0,0,0.002824859,-1.316460465,0.0039,0.052828904,0,0,0,0,0,0,0
0.402,1980,14,13,1,0.4872,0.38,0.38,-2.35,-0.05,-0.047,0,0,-0.04,-1.416460465,-0.008,-0.083523646,0,0,0,0,0,0,0
0.429,1980,15,8,1,0.4872,0.38,0.38,-2.35,-0.016,0.031,0,0,-0.06,-2.516460465,0.0031,0.070248855,0,0,0,0,0,0,0
0.366,1980,16,7,1,0.4872,0.38,0.38,-2.35,-0.025,-0.079,0,0,-0.052,1.883539535,-0.5155,-0.112517286,0,0,0,0,0,0,0
0.493,1980,17,9,1,0.4872,0.38,0.38,-2.35,0.026,-0.028,0,0,0.25,-2.016460465,-0.0821,0.123340379,0,0,0,0,0,0,0
0.472,1980,18,10,1,0.4872,0.38,0.38,-2.35,-0.054,-0.08,0,0,0.414285714,1.883539535,-0.3767,0.059476479,0,1,0,0,0,0,0
0.481,1980,19,4,1,0.4872,0.38,0.38,-2.35,-0.015,0.003,0,0,0.013333333,1.283539535,0.4677,0.047617911,0,0,0,0,0,0,0
0.516,1980,20,10,1,0.4872,0.38,0.38,-2.35,0.019,0.022,0,0,0.385714286,-1.816460465,0.2438,0.129715145,0,0,0,0,0,0,0
0.499,1980,21,14,1,0.4872,0.38,0.38,-2.35,0.07,0.138,0,0,0.311320755,0.983539535,0.534,0.2875,0,0,0,0,0,0,0
0.464,1980,22,21,1,0.4872,0.38,0.38,-2.35,0.028,0.045,0,0,0.136363636,-7.316460465,0.1034,0.026393387,0,0,0,0,0,0,0
0.522,1980,23,10,1,0.4872,0.38,0.38,-2.35,0.03,0.09,0,1,0,1.383539535,0.2634,0.2875,0,0,0,0,0,0,0
0.493,1980,24,7,1,0.4872,0.38,0.38,-2.35,-0.074,-0.182,0,0,0.466666667,0.083539535,-0.761,-0.082482135,0,1,0,0,0,0,0
0.464,1980,25,12,1,0.4872,0.38,0.38,-2.35,0.007,-0.005,0,0,0.217791411,-0.816460465,0.0945,0.097931766,0,0,0,0,0,0,0
0.363,1980,26,4,1,0.4872,0.38,0.38,-2.35,-0.049,0.014,0,0,0.05,0.783539535,0.3816,-0.02812217,0,0,0,0,0,0,-1
0.284,1980,27,5,1,0.4872,0.38,0.38,-2.35,-0.117,-0.087,0,0,-0.22,-1.316460465,-0.7822,-0.2875,0,0,0,0,0,0,0
0.301,1980,28,3,1,0.4872,0.38,0.38,-2.35,-0.034,-0.019,0,0,0.15,3.483539535,-0.2915,-0.018486662,0,0,0,0,0,0,-1
0.33,1980,29,4,1,0.4872,0.38,0.38,-2.35,-0.068,-0.029,0,0,-0.06281407,2.883539535,-0.1827,-0.11573187,0,0,0,0,0,0,0
0.426,1980,30,17,1,0.4872,0.38,0.38,-2.35,-0.022,-0.008,0,0,0.05,-0.116460465,0.4239,0.020696905,0,0,0,0,0,0,0
0.401,1980,31,4,1,0.4872,0.38,0.38,-2.35,-0.023,-0.007,0,0,0.085714286,1.783539535,-0.1434,0.017604519,0,0,0,0,0,0,-1
0.485,1980,32,41,1,0.4872,0.38,0.38,-2.35,0.011,0.028,0,0,0.073333333,-0.816460465,0.298,0.139940445,0,0,0,0,0,0,0
0.489,1980,33,13,1,0.4872,0.38,0.38,-2.35,-0.028,-0.088,0,0,0.375,-0.916460465,-0.5367,0.117036835,0,1,0,0,0,0,0
0.291,1980,34,3,1,0.4872,0.38,0.38,-2.35,-0.041,-0.016,0,0,-0.21,-3.116460465,-0.1912,-0.034792023,0,0,0,0,0,0,-1
0.443,1980,35,25,1,0.4872,0.38,0.38,-2.35,-0.01,0.008,0,0,0.126262626,-2.916460465,-0.2095,0.06615141,0,0,0,0,0,0,0
0.366,1980,36,8,1,0.4872,0.38,0.38,-2.35,-0.017,-0.136,0,0,0.242574257,5.283539535,-0.2404,-0.082119261,0,0,0,0,0,0,0
0.445,1980,37,6,1,0.4872,0.38,0.38,-2.35,-0.012,0.064,0,0,0.076271186,0.383539535,0.3048,0.111532319,0,0,0,0,0,0,0
0.461,1980,38,27,1,0.4872,0.38,0.38,-2.35,0.003,0.016,0,0,-0.004950495,-1.416460465,0.1071,0.104735907,0,0,0,0,0,0,0
0.562,1980,39,4,1,0.4872,0.38,0.38,-2.35,0.046,0.087,0,0,0.34,-0.116460465,0.693,0.27728847,0,0,0,0,0,0,0
0.494,1980,40,8,1,0.4872,0.38,0.38,-2.35,-0.018,-0.101,0,0,0.370967742,1.583539535,-0.5476,0.131611164,0,1,0,0,0,0,0
0.344,1980,41,4,1,0.4872,0.38,0.38,-2.35,-0.018,0.008,0,0,-0.185714286,-0.316460465,-0.0197,0.104013855,0,0,0,0,0,0,0
0.498,1980,42,10,1,0.4872,0.38,0.38,-2.35,-0.018,-0.076,0,0,0.112244898,0.183539535,-0.2737,0.153177619,0,1,0,0,0,0,0
0.428,1980,43,26,1,0.4872,0.38,0.38,-2.35,-0.068,-0.047,0,-1,0.353333333,3.183539535,-0.2663,0.053388336,0,1,0,0,0,0,0
0.22,1980,44,4,1,0.4872,0.38,0.38,-2.35,-0.161,-0.101,0,0,-0.166666667,3.283539535,-0.2153,-0.2875,0,0,0,0,0,0,-1
0.464,1980,45,3,1,0.4872,0.38,0.38,-2.35,-0.071,-0.014,0,0,-0.033783784,1.383539535,0.1404,-0.102885893,0,0,0,0,0,0,0
0.432,1980,46,12,1,0.4872,0.38,0.38,-2.35,-0.091,-0.075,0,0,0.247474747,1.083539535,-0.6992,-0.02843516,0,1,0,0,0,0,0
0.429,1980,47,9,1,0.4872,0.38,0.38,-2.35,-0.031,0.022,0,0,0,1.983539535,0.3543,0.024758512,0,0,0,0,0,0,0
0.524,1980,48,6,1,0.4872,0.38,0.38,-2.35,0.07,-0.018,0,0,0.24,1.483539535,0.2172,0.243634461,0,0,0,0,0,0,0
0.474,1980,49,11,1,0.4872,0.38,0.38,-2.35,-0.002,0.068,0,0,0.106060606,0.583539535,0.1926,0.13875556,0,0,0,0,0,0,0
0.309,1980,50,3,1,0.4872,0.38,0.38,-2.35,-0.109,-0.075,0,0,-0.177419355,7.883539535,-0.2202,-0.260861734,0,0,0,0,0,0,-1
0.567,1976,1,9,1,0.6,-0.47,0,-1.08,-0.122,0.077,0,0,0.5,-1.942724021,-0.5169,-0.098624976,0,1,0,0,0,0,0
0.381,1976,2,3,1,0.6,-0.47,0,-1.08,-0.009,-0.011,0,0,0.269230769,-11.44272402,0.2181,0.012859422,0,0,0,0,0,0,-1
0.414,1976,3,6,1,0.6,-0.47,0,-1.08,-0.052,-0.106,0,0,-0.05,-0.042724021,-0.3627,-0.135,0,0,0,0,0,0,-1
0.65,1976,4,6,1,0.6,-0.47,0,-1.08,-0.074,0.001,0,0,0.48,1.157275979,-0.2121,-0.092396496,0,1,0,0,0,0,0
0.491,1976,5,45,1,0.6,-0.47,0,-1.08,0.081,0.02,0,0,0.1875,0.457275979,0.1496,0.113388608,0,0,0,0,0,0,0
0.441,1976,6,7,1,0.6,-0.47,0,-1.08,-0.026,-0.046,0,0,0.1,-0.842724021,-0.0206,-0.054226311,0,0,0,0,0,0,-1
0.474,1976,7,8,1,0.6,-0.47,0,-1.08,0.024,0.032,0,0,0.281456954,2.957275979,0.4493,0.116575391,0,0,0,0,0,0,0
0.528,1976,8,3,1,0.6,-0.47,0,-1.08,0.015,-0.016,0,0,0.109756098,-1.942724021,-0.186,0.049424438,0,0,0,0,0,0,0
0.527,1976,9,17,1,0.6,-0.47,0,-1.08,-0.103,-0.063,0,0,0.216666667,2.057275979,-0.3438,-0.135,0,1,0,0,0,0,0
0.669,1976,10,12,1,0.6,-0.47,0,-1.08,-0.135,-0.027,1,0,0.365921788,-0.942724021,-0.4633,-0.135,0,1,0,0,0,0,0
0.513,1976,11,4,1,0.6,-0.47,0,-1.08,-0.007,0.111,0,0,0.18627451,2.257275979,0.5367,0.135,0,0,0,0,0,0,0
0.383,1976,12,4,1,0.6,-0.47,0,-1.08,-0.094,-0.145,0,0,-0.114285714,-0.042724021,-0.3122,-0.135,0,0,0,0,0,0,-1
0.49,1976,13,26,1,0.6,-0.47,0,-1.08,0.025,-0.012,0,0,0.070621469,0.257275979,0.0039,0.07225881,0,0,0,0,0,0,0
0.461,1976,14,13,1,0.6,-0.47,0,-1.08,-0.047,-0.066,0,0,0.06,-1.442724021,-0.008,-0.111856547,0,0,0,0,0,0,0
0.495,1976,15,8,1,0.6,-0.47,0,-1.08,0.031,-0.061,0,0,0.11,-1.742724021,0.0031,0.032093428,0,0,0,0,0,0,0
0.461,1976,16,7,1,0.6,-0.47,0,-1.08,-0.079,-0.108,0,-1,-0.076,-0.642724021,-0.5155,-0.135,0,0,0,0,0,0,0
0.537,1976,17,9,1,0.6,-0.47,0,-1.08,-0.028,-0.033,0,0,0.28,-1.042724021,-0.0821,-0.044173245,0,0,0,0,0,0,0
0.53,1976,18,10,1,0.6,-0.47,0,-1.08,-0.08,0.049,0,0,0.461904762,1.557275979,-0.3767,-0.051033883,0,1,0,0,0,0,0
0.496,1976,19,4,1,0.6,-0.47,0,-1.08,0.003,0.041,0,0,0.106666667,-1.642724021,0.4677,0.113708237,0,0,0,0,0,0,0
0.53,1976,20,10,1,0.6,-0.47,0,-1.08,0.022,0.039,0,0,0.393617021,1.257275979,0.2438,0.048096353,0,0,0,0,0,0,0
0.581,1976,21,14,1,0.6,-0.47,0,-1.08,0.138,0.161,0,0,0.308510638,1.257275979,0.534,0.135,0,0,0,0,0,0,0
0.473,1976,22,21,1,0.6,-0.47,0,-1.08,0.045,0.041,-1,0,0.1,-3.442724021,0.1034,0.135,0,0,0,0,0,0,0
0.566,1976,23,10,1,0.6,-0.47,0,-1.08,0.09,0.003,0,1,0.268656716,0.657275979,0.2634,0.135,0,0,0,0,0,0,0
0.51,1976,24,7,1,0.6,-0.47,0,-1.08,-0.182,0.134,0,0,0.475409836,-1.642724021,-0.761,-0.135,0,1,0,0,0,0,0
0.518,1976,25,12,1,0.6,-0.47,0,-1.08,-0.005,-0.003,0,0,0.199386503,-1.442724021,0.0945,0.028348578,0,0,0,0,0,0,0
0.462,1976,26,4,1,0.6,-0.47,0,-1.08,0.014,-0.045,0,0,0.17,-3.542724021,0.3816,0.016550797,0,0,0,0,0,0,-1
0.394,1976,27,5,1,0.6,-0.47,0,-1.08,-0.087,-0.149,0,0,-0.22,-1.142724021,-0.7822,-0.135,0,0,0,0,0,0,0
0.477,1976,28,3,1,0.6,-0.47,0,-1.08,-0.019,-0.043,0,0,0.275,-2.842724021,-0.2915,-0.038375701,0,0,0,0,0,0,-1
0.443,1976,29,4,1,0.6,-0.47,0,-1.08,-0.029,-0.039,0,0,-0.0825,-0.942724021,-0.1827,-0.052648754,0,0,0,0,0,0,0
0.489,1976,30,17,1,0.6,-0.47,0,-1.08,-0.008,-0.008,0,0,0.1125,2.157275979,0.4239,0.017317771,0,0,0,0,0,0,0
0.488,1976,31,4,1,0.6,-0.47,0,-1.08,-0.007,-0.062,0,0,0.228571429,-1.342724021,-0.1434,-0.038286977,0,0,0,0,0,0,-1
0.522,1976,32,41,1,0.6,-0.47,0,-1.08,0.028,0.033,0,0,0.086666667,2.457275979,0.298,0.129708465,0,0,0,0,0,0,0
0.556,1976,33,13,1,0.6,-0.47,0,-1.08,-0.088,-0.071,0,0,0.425,-0.942724021,-0.5367,-0.135,0,1,0,0,0,0,0
0.47,1976,34,3,1,0.6,-0.47,0,-1.08,-0.016,-0.09,0,0,-0.107843137,-0.542724021,-0.1912,-0.082387659,0,0,0,0,0,0,0
0.501,1976,35,25,1,0.6,-0.47,0,-1.08,0.008,-0.008,0,0,0.095959596,0.057275979,-0.2095,0.044402227,0,0,0,0,0,0,0
0.494,1976,36,8,1,0.6,-0.47,0,-1.08,-0.136,-0.094,0,0,0.252475248,-1.742724021,-0.2404,-0.135,0,0,0,0,0,0,0
0.499,1976,37,6,1,0.6,-0.47,0,-1.08,0.064,-0.028,0,0,0.133333333,-2.042724021,0.3048,0.126891787,0,0,0,0,0,0,0
0.514,1976,38,27,1,0.6,-0.47,0,-1.08,0.016,0.024,0,0,0.061576355,0.857275979,0.1071,0.093320461,0,0,0,0,0,0,0
0.557,1976,39,4,1,0.6,-0.47,0,-1.08,0.087,0.172,0,0,0.33,1.057275979,0.693,0.135,0,0,0,0,0,0,0
0.566,1976,40,8,1,0.6,-0.47,0,-1.08,-0.101,-0.059,0,0,0.362903226,-3.142724021,-0.5476,-0.135,0,1,0,0,0,0,0
0.493,1976,41,4,1,0.6,-0.47,0,-1.08,0.008,-0.055,0,0,-0.028571429,-0.642724021,-0.0197,0.116349242,0,0,0,0,0,0,0
0.566,1976,42,10,1,0.6,-0.47,0,-1.08,-0.076,-0.07,0,0,0.142857143,-1.542724021,-0.2737,-0.135,0,1,0,0,0,0,0
0.516,1976,43,26,1,0.6,-0.47,0,-1.08,-0.047,0.011,0,0,0.393333333,-1.042724021,-0.2663,-0.033583336,0,1,0,0,0,0,0
0.35,1976,44,4,1,0.6,-0.47,0,-1.08,-0.101,-0.1,0,0,0.033333333,2.357275979,-0.2153,-0.135,0,0,0,0,0,0,-1
0.44,1976,45,3,1,0.6,-0.47,0,-1.08,-0.014,-0.044,0,0,-0.035714286,-0.942724021,0.1404,-0.031368621,0,0,0,0,0,0,0
0.493,1976,46,12,1,0.6,-0.47,0,-1.08,-0.075,-0.068,0,0,0.321052632,0.357275979,-0.6992,-0.135,0,1,0,0,0,0,0
0.48,1976,47,9,1,0.6,-0.47,0,-1.08,0.022,0.015,0,0,0.132653061,-0.042724021,0.3543,0.095705225,0,0,0,0,0,0,0
0.581,1976,48,6,1,0.6,-0.47,0,-1.08,-0.018,0.053,0,0,0.36,-1.442724021,0.2172,0.061499028,0,0,0,0,0,0,0
0.509,1976,49,11,1,0.6,-0.47,0,-1.08,0.068,-0.016,0,0,0.136363636,-0.442724021,0.1926,0.135,0,0,0,0,0,0,0
0.402,1976,50,3,1,0.6,-0.47,0,-1.08,-0.075,-0.107,0,0,-0.024590164,-2.742724021,-0.2202,-0.135,0,0,0,0,0,0,-1
0.26,1972,1,9,1,0.3711,-0.62,-0.62,-2.17,0.077,NA,0,0,0.481132075,-1.231010986,-0.5169,-0.214459806,0,0,0,0,0,0,0
0.373,1972,2,3,1,0.3711,-0.62,-0.62,-2.17,-0.011,0.046,0,0,0.25,-2.731010986,0.2181,-0.137557938,0,0,0,0,0,0,0
0.33,1972,3,6,1,0.3711,-0.62,-0.62,-2.17,-0.106,-0.052,0,0,-0.066666667,-6.131010986,-0.3627,-0.2975,0,0,0,0,0,0,0
0.308,1972,4,6,1,0.3711,-0.62,-0.62,-2.17,0.001,-0.049,0,0,0.48,-1.631010986,-0.2121,-0.184403636,0,0,0,0,0,0,0
0.43,1972,5,45,1,0.3711,-0.62,-0.62,-2.17,0.02,-0.021,-1,0,0.0375,0.168989014,0.1496,-0.190286949,0,0,0,0,0,0,0
0.356,1972,6,7,1,0.3711,-0.62,-0.62,-2.17,-0.046,0.003,0,0,-0.084615385,-4.831010986,-0.0206,-0.240971973,0,0,0,0,0,0,0
0.406,1972,7,8,1,0.3711,-0.62,-0.62,-2.17,0.032,0.066,0,0,0.059322034,0.668989014,0.4493,-0.0352726,0,0,0,0,0,0,0
0.397,1972,8,3,1,0.3711,-0.62,-0.62,-2.17,-0.016,-0.002,0,0,-0.08974359,2.868989014,-0.186,-0.182806532,0,0,0,0,0,0,0
0.279,1972,9,17,1,0.3711,-0.62,-0.62,-2.17,-0.063,-0.101,0,0,0.180672269,-0.831010986,-0.3438,-0.2975,0,0,0,0,0,0,0
0.247,1972,10,12,1,0.3711,-0.62,-0.62,-2.17,-0.027,-0.154,0,0,0.386597938,-0.131010986,-0.4633,-0.2975,0,0,0,0,0,0,0
0.375,1972,11,4,1,0.3711,-0.62,-0.62,-2.17,0.111,0.175,0,0,0.16,1.368989014,0.5367,0.209855497,0,0,0,0,0,0,0
0.288,1972,12,4,1,0.3711,-0.62,-0.62,-2.17,-0.145,-0.104,0,0,-0.085714286,-1.831010986,-0.3122,-0.2975,0,0,0,0,0,0,0
0.407,1972,13,26,1,0.3711,-0.62,-0.62,-2.17,-0.012,-0.018,0,0,-0.008474576,1.468989014,0.0039,-0.186678845,0,0,0,0,0,1,0
0.335,1972,14,13,1,0.3711,-0.62,-0.62,-2.17,-0.066,-0.051,0,0,-0.04,-1.031010986,-0.008,-0.2975,0,0,0,0,0,0,0
0.413,1972,15,8,1,0.3711,-0.62,-0.62,-2.17,-0.061,0.007,0,0,-0.13,-4.031010986,0.0031,-0.268891854,0,0,0,0,0,1,0
0.303,1972,16,7,1,0.3711,-0.62,-0.62,-2.17,-0.108,-0.068,0,0,-0.172,0.568989014,-0.5155,-0.2975,0,0,0,0,0,1,0
0.354,1972,17,9,1,0.3711,-0.62,-0.62,-2.17,-0.033,0.029,0,0,0.22,-0.231010986,-0.0821,-0.195670058,0,0,0,0,0,0,0
0.302,1972,18,10,1,0.3711,-0.62,-0.62,-2.17,0.049,-0.181,0,0,0.49047619,-1.531010986,-0.3767,-0.17791967,0,0,0,0,0,0,0
0.385,1972,19,4,1,0.3711,-0.62,-0.62,-2.17,0.041,0.075,0,0,-0.029801325,1.268989014,0.4677,0.042781689,0,0,0,0,0,0,0
0.379,1972,20,10,1,0.3711,-0.62,-0.62,-2.17,0.039,0.042,0,-1,0.35915493,-2.831010986,0.2438,-0.089978523,0,0,0,0,0,0,0
0.545,1972,21,14,1,0.3711,-0.62,-0.62,-2.17,0.161,0.152,0,1,0.241666667,1.668989014,0.534,0.294844652,0,0,0,0,0,0,0
0.427,1972,22,21,1,0.3711,-0.62,-0.62,-2.17,0.041,0.055,0,0,0.027272727,0.568989014,0.1034,-0.022357101,0,0,0,0,0,1,0
0.472,1972,23,10,1,0.3711,-0.62,-0.62,-2.17,0.003,0.001,0,0,0.11567,-0.131010986,0.2634,0.014247428,0,0,0,0,0,1,0
0.2,1972,24,7,1,0.3711,-0.62,-0.62,-2.17,0.134,-0.484,0,0,0.491869919,-2.431010986,-0.761,-0.226668736,0,0,0,0,0,0,0
0.377,1972,25,12,1,0.3711,-0.62,-0.62,-2.17,-0.003,0.028,0,0,0.187116564,3.068989014,0.0945,-0.133859433,0,0,0,0,0,0,0
0.396,1972,26,4,1,0.3711,-0.62,-0.62,-2.17,-0.045,-0.021,0,0,-0.028846154,-2.731010986,0.3816,-0.257632205,0,0,0,0,0,0,0
0.295,1972,27,5,1,0.3711,-0.62,-0.62,-2.17,-0.149,-0.087,0,0,-0.22,1.368989014,-0.7822,-0.2975,0,0,0,0,0,1,0
0.363,1972,28,3,1,0.3711,-0.62,-0.62,-2.17,-0.043,-0.027,0,0,-0.025,-1.531010986,-0.2915,-0.257787191,0,0,0,0,0,0,0
0.353,1972,29,4,1,0.3711,-0.62,-0.62,-2.17,-0.039,0.023,0,0,-0.13,0.668989014,-0.1827,-0.211153412,0,0,0,0,0,0,0
0.374,1972,30,17,1,0.3711,-0.62,-0.62,-2.17,-0.008,0.046,0,0,-0.2375,1.068989014,0.4239,-0.130540335,0,0,0,0,0,0,0
0.375,1972,31,4,1,0.3711,-0.62,-0.62,-2.17,-0.062,-0.019,0,0,0.185714286,-2.631010986,-0.1434,-0.291504876,0,0,0,0,0,0,0
0.41,1972,32,41,1,0.3711,-0.62,-0.62,-2.17,0.033,0.099,0,0,-0.026666667,2.768989014,0.298,-0.026715947,0,0,0,0,0,0,0
0.294,1972,33,13,1,0.3711,-0.62,-0.62,-2.17,-0.071,-0.051,0,0,0.308333333,0.068989014,-0.5367,-0.2975,0,0,0,0,0,0,0
0.366,1972,34,3,1,0.3711,-0.62,-0.62,-2.17,-0.09,-0.032,0,0,-0.097938144,-9.831010986,-0.1912,-0.2975,0,0,0,0,0,1,0
0.39,1972,35,25,1,0.3711,-0.62,-0.62,-2.17,-0.008,0.016,0,0,-0.045454545,1.368989014,-0.2095,-0.154905018,0,0,0,0,0,0,0
0.246,1972,36,8,1,0.3711,-0.62,-0.62,-2.17,-0.094,-0.055,0,0,0.287878788,-1.231010986,-0.2404,-0.2975,0,0,0,0,0,0,0
0.446,1972,37,6,1,0.3711,-0.62,-0.62,-2.17,-0.028,0.026,0,0,-0.066666667,-4.131010986,0.3048,-0.187231826,0,0,0,0,0,0,0
0.398,1972,38,27,1,0.3711,-0.62,-0.62,-2.17,0.024,0.039,0,0,0.056650246,0.968989014,0.1071,-0.071884044,0,0,0,0,0,0,0
0.469,1972,39,4,1,0.3711,-0.62,-0.62,-2.17,0.172,0.196,0,0,0.257575758,0.268989014,0.693,0.2975,0,0,0,0,0,0,0
0.281,1972,40,8,1,0.3711,-0.62,-0.62,-2.17,-0.059,-0.202,0,0,0.411290323,-1.931010986,-0.5476,-0.2975,0,0,0,0,0,0,0
0.456,1972,41,4,1,0.3711,-0.62,-0.62,-2.17,-0.055,-0.057,1,0,-0.1,-2.531010986,-0.0197,-0.2975,0,0,0,0,0,1,0
0.306,1972,42,10,1,0.3711,-0.62,-0.62,-2.17,-0.07,-0.058,0,0,0.065656566,-1.231010986,-0.2737,-0.2975,0,0,0,0,0,0,0
0.335,1972,43,26,1,0.3711,-0.62,-0.62,-2.17,0.011,-0.045,0,0,0.050724638,-1.031010986,-0.2663,-0.108567457,0,0,0,0,0,0,0
0.281,1972,44,4,1,0.3711,-0.62,-0.62,-2.17,-0.1,-0.066,0,0,0.050724638,-4.731010986,-0.2153,-0.2975,0,0,0,0,0,0,0
0.368,1972,45,3,1,0.3711,-0.62,-0.62,-2.17,-0.044,0.05,0,0,-0.144295302,-0.231010986,0.1404,-0.204013756,0,0,0,0,0,0,0
0.307,1972,46,12,1,0.3711,-0.62,-0.62,-2.17,-0.068,-0.076,0,0,0.26,-2.531010986,-0.6992,-0.2975,0,0,0,0,0,0,0
0.404,1972,47,9,1,0.3711,-0.62,-0.62,-2.17,0.015,0.011,0,0,0.015151515,2.468989014,0.3543,-0.109053218,0,0,0,0,0,0,0
0.364,1972,48,6,1,0.3711,-0.62,-0.62,-2.17,0.053,0.066,0,0,0.18,-1.031010986,0.2172,0.008172962,0,0,0,0,0,0,0
0.45,1972,49,11,1,0.3711,-0.62,-0.62,-2.17,-0.016,0.009,0,0,0.17,-0.531010986,0.1926,-0.174064323,0,0,0,0,0,1,0
0.307,1972,50,3,1,0.3711,-0.62,-0.62,-2.17,-0.107,-0.047,0,0,-0.166666667,-3.631010986,-0.2202,-0.2975,0,0,0,0,0,0,0
0.573,1968,1,10,1,0.4189,0.49,0,1.3,NA,0.073,0,0,0.5,-1.083207564,-0.5169,-0.2325,0,0,0,0,0,0,0
0.485,1968,2,3,1,0.4189,0.49,0,1.3,0.046,-0.01,0,0,-0.125,-0.483207564,0.2181,-0.01476975,0,0,0,0,0,0,0
0.39,1968,3,5,1,0.4189,0.49,0,1.3,-0.052,-0.057,0,0,-0.033333333,-1.883207564,-0.3627,-0.2325,0,0,0,0,0,0,0
0.497,1968,4,6,1,0.4189,0.49,0,1.3,-0.049,0.037,0,0,0.47,0.816792436,-0.2121,-0.091980054,0,0,0,0,0,0,0
0.483,1968,5,40,1,0.4189,0.49,0,1.3,-0.021,0.029,-1,0,0.025,0.316792436,0.1496,-0.10585597,0,0,0,0,0,0,0
0.45,1968,6,6,1,0.4189,0.49,0,1.3,0.003,-0.05,0,0,-0.084615385,-2.483207564,-0.0206,-0.132680219,0,0,0,0,0,0,0
0.528,1968,7,8,1,0.4189,0.49,0,1.3,0.066,0.036,0,0,0.161016949,0.316792436,0.4493,0.075597582,0,0,0,0,0,0,0
0.48,1968,8,3,1,0.4189,0.49,0,1.3,-0.002,0.007,0,0,-0.157142857,-2.983207564,-0.186,-0.058637374,0,0,0,0,0,0,0
0.433,1968,9,14,1,0.4189,0.49,0,1.3,-0.101,-0.016,0,0,0.172268908,2.616792436,-0.3438,-0.2325,0,0,0,0,0,0,0
0.469,1968,10,12,1,0.4189,0.49,0,1.3,-0.154,0.125,0,0,0.397560976,2.016792436,-0.4633,-0.124829069,0,0,0,0,0,0,0
0.607,1968,11,4,1,0.4189,0.49,0,1.3,0.175,-0.001,0,0,0.26,-2.383207564,0.5367,0.183887842,0,0,0,0,0,0,0
0.351,1968,12,4,1,0.4189,0.49,0,1.3,-0.104,-0.039,0,0,-0.042857143,-4.983207564,-0.3122,-0.2325,0,0,0,0,0,0,0
0.484,1968,13,26,1,0.4189,0.49,0,1.3,-0.018,0,0,0,-0.06,-1.983207564,0.0039,-0.096359146,0,0,0,0,0,0,0
0.43,1968,14,13,1,0.4189,0.49,0,1.3,-0.051,-0.053,0,0,-0.156565657,-1.183207564,-0.008,-0.216029375,0,0,0,0,0,0,0
0.435,1968,15,9,1,0.4189,0.49,0,1.3,0.007,-0.069,0,0,-0.215447154,-2.983207564,0.0031,-0.151770314,0,0,0,0,0,0,0
0.388,1968,16,7,1,0.4189,0.49,0,1.3,-0.068,-0.108,0,0,-0.153225806,1.316792436,-0.5155,-0.2325,0,0,0,0,0,0,0
0.463,1968,17,9,1,0.4189,0.49,0,1.3,0.029,-0.037,0,0,0.136363636,-0.383207564,-0.0821,-0.076939652,0,0,0,0,0,0,0
0.545,1968,18,10,1,0.4189,0.49,0,1.3,-0.181,0.137,0,0,0.460784314,2.316792436,-0.3767,-0.148112471,0,0,0,0,0,0,0
0.562,1968,19,4,1,0.4189,0.49,0,1.3,0.075,-0.071,0,1,-0.137583893,-2.883207564,0.4677,-0.058450764,0,0,0,0,0,0,0
0.51,1968,20,10,1,0.4189,0.49,0,1.3,0.042,0.035,0,-1,0.323943662,1.616792436,0.2438,0.039318152,0,0,0,0,0,0,0
0.657,1968,21,14,1,0.4189,0.49,0,1.3,0.152,0.061,0,0,0.206382979,-0.883207564,0.534,0.2325,0,0,0,0,0,0,0
0.537,1968,22,21,1,0.4189,0.49,0,1.3,0.055,0.01,0,0,-0.009090909,2.516792436,0.1034,0.023801392,0,0,0,0,0,0,0
0.565,1968,23,10,1,0.4189,0.49,0,1.3,0.001,0.006,1,0,0.11567,1.116792436,0.2634,-0.023335669,0,0,0,0,0,0,0
0.63,1968,24,7,1,0.4189,0.49,0,1.3,-0.484,NA,0,0,0.483606557,-0.083207564,-0.761,-0.2325,0,0,0,0,0,0,0
0.493,1968,25,12,1,0.4189,0.49,0,1.3,0.028,0.002,0,0,0.156441718,-1.883207564,0.0945,-0.027609279,0,0,0,0,0,0,0
0.451,1968,26,4,1,0.4189,0.49,0,1.3,-0.021,-0.014,0,0,-0.115384615,-3.283207564,0.3816,-0.118711347,0,0,0,0,0,0,0
0.347,1968,27,5,1,0.4189,0.49,0,1.3,-0.087,-0.122,0,0,-0.22,-2.483207564,-0.7822,-0.2325,0,0,0,0,0,0,0
0.453,1968,28,3,1,0.4189,0.49,0,1.3,-0.027,0.011,0,0,0.025,-3.683207564,-0.2915,-0.092541839,0,0,0,0,0,0,0
0.457,1968,29,4,1,0.4189,0.49,0,1.3,0.023,-0.037,0,0,-0.108585859,2.516792436,-0.1827,-0.083223954,0,0,0,0,0,0,0
0.488,1968,30,17,1,0.4189,0.49,0,1.3,0.046,0.003,0,0,0.196428571,-1.483207564,0.4239,0.002592145,0,0,0,0,0,0,0
0.434,1968,31,4,1,0.4189,0.49,0,1.3,-0.019,0.003,0,0,0.142857143,-4.483207564,-0.1434,-0.093578165,0,0,0,0,0,0,0
0.529,1968,32,43,1,0.4189,0.49,0,1.3,0.099,0.025,0,0,0.033333333,-0.983207564,0.298,0.072215972,0,0,0,0,0,0,0
0.425,1968,33,13,1,0.4189,0.49,0,1.3,-0.051,0.02,0,0,0.283333333,2.016792436,-0.5367,-0.117530314,0,0,0,0,0,0,0
0.406,1968,34,4,1,0.4189,0.49,0,1.3,-0.032,-0.056,0,0,-0.342105263,-3.383207564,-0.1912,-0.191198588,0,0,0,0,0,0,0
0.488,1968,35,26,1,0.4189,0.49,0,1.3,0.016,-0.034,0,0,-0.126262626,0.216792436,-0.2095,-0.091743059,0,0,0,0,0,0,0
0.402,1968,36,8,1,0.4189,0.49,0,1.3,-0.055,-0.091,0,0,0.247474747,1.716792436,-0.2404,-0.2325,0,0,0,0,0,0,0
0.468,1968,37,6,1,0.4189,0.49,0,1.3,0.026,-0.028,0,0,-0.133333333,-0.183207564,0.3048,-0.068857978,0,0,0,0,0,0,0
0.52,1968,38,29,1,0.4189,0.49,0,1.3,0.039,0.011,0,0,-0.012315271,-0.183207564,0.1071,0.001229439,0,0,0,0,0,0,0
0.668,1968,39,4,1,0.4189,0.49,0,1.3,0.196,0.135,0,0,0.166666667,0.416792436,0.693,0.2325,0,0,0,0,0,0,0
0.437,1968,40,8,1,0.4189,0.49,0,1.3,-0.202,0.011,0,0,0.362903226,1.916792436,-0.5476,-0.2325,0,0,0,0,0,0,0
0.441,1968,41,4,1,0.4189,0.49,0,1.3,-0.057,-0.083,0,0,-0.353333333,2.416792436,-0.0197,-0.2325,0,0,0,0,0,0,0
0.426,1968,42,11,1,0.4189,0.49,0,1.3,-0.058,-0.037,0,0,0.085858586,-0.483207564,-0.2737,-0.205315077,0,0,0,0,0,0,0
0.507,1968,43,25,1,0.4189,0.49,0,1.3,-0.045,-0.016,0,0,0.48,1.816792436,-0.2663,-0.025962226,0,0,0,0,0,0,0
0.396,1968,44,4,1,0.4189,0.49,0,1.3,-0.066,-0.049,0,0,-0.355072464,-5.083207564,-0.2153,-0.232368515,0,0,0,0,0,0,0
0.452,1968,45,3,1,0.4189,0.49,0,1.3,0.05,-0.087,0,0,-0.128378378,1.816792436,0.1404,-0.116478796,0,0,0,0,0,0,0
0.428,1968,46,12,1,0.4189,0.49,0,1.3,-0.076,-0.028,0,0,0.388888889,-0.383207564,-0.6992,-0.219980678,0,0,0,0,0,0,0
0.511,1968,47,9,1,0.4189,0.49,0,1.3,0.011,-0.013,0,0,-0.055555556,2.116792436,0.3543,-0.071475721,0,0,0,0,0,0,0
0.549,1968,48,7,1,0.4189,0.49,0,1.3,0.066,0.026,0,0,0.15,-0.183207564,0.2172,0.063181932,0,0,0,0,0,0,0
0.48,1968,49,12,1,0.4189,0.49,0,1.3,0.009,-0.02,0,0,-0.035353535,-0.683207564,0.1926,-0.08293467,0,0,0,0,0,0,0
0.389,1968,50,3,1,0.4189,0.49,0,1.3,-0.047,-0.051,0,0,-0.057377049,-3.883207564,-0.2202,-0.206905825,0,0,0,0,0,0,0
NA,1964,1,10,1,0.6915,0.74,0.74,1.12,0.073,0.167,0,0,0.481132075,2.448293305,-0.5169,0.3175,0,0,-1,-1,0,0,0
0.659,1964,2,3,1,0.6915,0.74,0.74,1.12,-0.01,NA,0,0,0,3.448293305,0.2181,0.14523025,0,0,0,0,0,0,0
0.495,1964,3,5,1,0.6915,0.74,0.74,1.12,-0.057,-0.033,-1,0,0.1,-0.551706695,-0.3627,-0.096115425,0,0,0,0,0,0,0
0.564,1964,4,6,1,0.6915,0.74,0.74,1.12,0.037,0.112,0,0,0.5,2.248293305,-0.2121,0.314780208,0,0,-1,0,0,0,0
0.592,1964,5,40,1,0.6915,0.74,0.74,1.12,0.029,0.047,0,0,0.15,1.148293305,0.1496,0.106612147,0,0,0,0,0,0,0
0.616,1964,6,6,1,0.6915,0.74,0.74,1.12,-0.05,-0.021,0,0,-0.130769231,0.348293305,-0.0206,-0.065106592,0,0,0,0,0,0,0
0.679,1964,7,8,1,0.6915,0.74,0.74,1.12,0.036,-0.059,0,0,-0.12244898,0.148293305,0.4493,0.125434892,0,0,0,0,1,0,0
0.611,1964,8,3,1,0.6915,0.74,0.74,1.12,0.007,0.025,0,0,0.185714286,1.248293305,-0.186,0.144223404,0,0,0,0,0,0,0
0.512,1964,9,14,1,0.6915,0.74,0.74,1.12,-0.016,0.005,0,0,0.379032258,2.248293305,-0.3438,0.05478572,0,0,-1,0,0,0,0
0.459,1964,10,12,1,0.6915,0.74,0.74,1.12,0.125,0.244,0,0,0.490243902,2.548293305,-0.4633,0.3175,0,0,-1,-1,0,0,0
0.788,1964,11,4,1,0.6915,0.74,0.74,1.12,-0.001,NA,0,0,0.284313725,0.848293305,0.5367,0.3175,0,0,0,0,0,0,0
0.509,1964,12,4,1,0.6915,0.74,0.74,1.12,-0.039,-0.034,0,0,-0.03968254,-5.051706695,-0.3122,-0.051251588,0,0,0,0,0,0,0
0.595,1964,13,26,1,0.6915,0.74,0.74,1.12,0,-0.051,0,0,-0.017241379,-0.851706695,0.0039,0.072148753,0,0,0,0,0,0,0
0.562,1964,14,13,1,0.6915,0.74,0.74,1.12,-0.053,-0.023,0,0,-0.055555556,-0.651706695,-0.008,-0.078530673,0,0,0,0,0,0,0
0.62,1964,15,9,1,0.6915,0.74,0.74,1.12,-0.069,-0.014,0,0,-0.231481481,-0.451706695,0.0031,-0.10842879,0,0,0,0,0,0,0
0.545,1964,16,7,1,0.6915,0.74,0.74,1.12,-0.108,-0.079,0,0,-0.212,-3.451706695,-0.5155,-0.288441775,0,0,0,0,0,0,0
0.642,1964,17,9,1,0.6915,0.74,0.74,1.12,-0.037,0.032,0,0,0.237373737,-0.251706695,-0.0821,0.027356587,0,0,0,0,0,0,0
0.432,1964,18,10,1,0.6915,0.74,0.74,1.12,0.137,0.004,0,0,0.5,2.248293305,-0.3767,0.3175,0,0,-1,-1,0,0,0
0.688,1964,19,4,1,0.6915,0.74,0.74,1.12,-0.071,-0.131,0,0,-0.228476821,-0.251706695,0.4677,-0.248197763,0,0,0,0,1,0,0
0.655,1964,20,10,1,0.6915,0.74,0.74,1.12,0.035,-0.022,0,0,0.323943662,1.648293305,0.2438,0.163001426,0,0,0,0,0,0,0
0.765,1964,21,14,1,0.6915,0.74,0.74,1.12,0.061,-0.017,0,0,0.125,-1.151706695,0.534,0.3175,0,0,0,0,1,0,0
0.668,1964,22,21,1,0.6915,0.74,0.74,1.12,0.01,0.021,0,0,-0.027272727,2.748293305,0.1034,0.139718004,0,0,0,0,0,0,0
0.639,1964,23,10,1,0.6915,0.74,0.74,1.12,0.006,0.04,0,1,0.11567,-1.551706695,0.2634,0.153447275,0,0,0,0,0,0,0
0.129,1964,24,7,1,0.6915,0.74,0.74,1.12,NA,0.282,0,0,0.5,0.948293305,-0.761,0.3175,0,0,-1,-1,0,0,0
0.641,1964,25,12,1,0.6915,0.74,0.74,1.12,0.002,0.079,0,0,0.119631902,-0.851706695,0.0945,0.183848648,0,0,0,0,0,0,0
0.592,1964,26,4,1,0.6915,0.74,0.74,1.12,-0.014,0.007,0,0,-0.106382979,-9.351706695,0.3816,0.062028231,0,0,0,0,0,0,0
0.526,1964,27,5,1,0.6915,0.74,0.74,1.12,-0.122,-0.077,0,0,-0.22,-5.551706695,-0.7822,-0.3175,0,0,0,0,0,0,0
0.586,1964,28,3,1,0.6915,0.74,0.74,1.12,0.011,-0.002,0,0,0.175675676,2.248293305,-0.2915,0.125935226,0,0,0,0,0,0,0
0.636,1964,29,4,1,0.6915,0.74,0.74,1.12,-0.037,-0.084,0,0,-0.134760705,-0.351706695,-0.1827,-0.096706604,0,0,0,0,1,0,0
0.659,1964,30,17,1,0.6915,0.74,0.74,1.12,0.003,-0.076,0,0,0.149122807,-0.051706695,0.4239,0.016845801,0,0,0,0,0,0,0
0.594,1964,31,4,1,0.6915,0.74,0.74,1.12,0.003,-0.002,0,0,0.390625,-0.951706695,-0.1434,0.095764913,0,0,0,0,0,0,0
0.687,1964,32,43,1,0.6915,0.74,0.74,1.12,0.025,-0.034,0,-1,-0.066666667,-0.451706695,0.298,0.123250119,0,0,0,0,0,0,0
0.562,1964,33,13,1,0.6915,0.74,0.74,1.12,0.02,0.085,0,0,0.325,1.248293305,-0.5367,0.240776999,0,0,-1,0,0,0,0
0.581,1964,34,4,1,0.6915,0.74,0.74,1.12,-0.056,-0.04,0,0,-0.119469027,-21.6517067,-0.1912,-0.102634417,0,0,0,0,0,0,0
0.629,1964,35,26,1,0.6915,0.74,0.74,1.12,-0.034,-0.033,0,0,-0.144444444,-0.351706695,-0.2095,-0.036225046,0,0,0,0,0,0,0
0.558,1964,36,8,1,0.6915,0.74,0.74,1.12,-0.091,0.027,0,0,0.291666667,-0.651706695,-0.2404,-0.125959669,0,0,0,0,0,0,0
0.639,1964,37,6,1,0.6915,0.74,0.74,1.12,-0.028,0.026,0,0,0.016666667,0.248293305,0.3048,0.046052052,0,0,0,0,0,0,0
0.652,1964,38,29,1,0.6915,0.74,0.74,1.12,0.011,0.012,0,0,0.02173913,-0.951706695,0.1071,0.134442943,0,0,0,0,0,0,0
0.809,1964,39,4,1,0.6915,0.74,0.74,1.12,0.135,-0.005,0,0,0.25257732,-1.151706695,0.693,0.3175,0,0,0,0,1,0,0
0.411,1964,40,8,1,0.6915,0.74,0.74,1.12,0.011,0.221,0,0,0.5,0.348293305,-0.5476,0.3175,0,0,-1,-1,0,0,0
0.556,1964,41,4,1,0.6915,0.74,0.74,1.12,-0.083,-0.006,0,0,-0.273333333,-13.0517067,-0.0197,-0.138723603,0,0,0,0,0,0,0
0.555,1964,42,11,1,0.6915,0.74,0.74,1.12,-0.037,0.05,0,0,0.287878788,1.748293305,-0.2737,0.073158527,0,0,-1,0,0,0,0
0.634,1964,43,25,1,0.6915,0.74,0.74,1.12,-0.016,0.087,1,0,0.445945946,-0.751706695,-0.2663,0.140805101,0,0,-1,0,0,0,0
0.547,1964,44,4,1,0.6915,0.74,0.74,1.12,-0.049,-0.068,0,0,-0.03125,-2.451706695,-0.2153,-0.116748562,0,0,0,0,0,0,0
0.663,1964,45,3,1,0.6915,0.74,0.74,1.12,-0.087,-0.144,0,0,-0.321621622,-0.651706695,0.1404,-0.304647739,0,0,0,0,1,0,0
0.537,1964,46,12,1,0.6915,0.74,0.74,1.12,-0.028,-0.013,0,0,0.45959596,2.948293305,-0.6992,8.48E-05,0,0,-1,0,0,0,0
0.624,1964,47,9,1,0.6915,0.74,0.74,1.12,-0.013,0.035,0,0,0.015151515,-2.951706695,0.3543,0.095692193,0,0,0,0,0,0,0
0.679,1964,48,7,1,0.6915,0.74,0.74,1.12,0.026,0.037,0,0,0.32,-0.151706695,0.2172,0.205786811,0,0,0,0,0,0,0
0.622,1964,49,12,1,0.6915,0.74,0.74,1.12,-0.02,-0.042,0,0,-0.025252525,0.148293305,0.1926,-0.006195024,0,0,0,0,0,0,0
0.566,1964,50,3,1,0.6915,0.74,0.74,1.12,-0.051,-0.023,0,0,-0.125,-3.251706695,-0.2202,-0.071243108,0,0,0,0,0,0,0
0.574,1960,1,11,1,0.4946,-0.68,0,-0.39,0.166,0.178,0,0,0.5,1.390938307,-0.5169,0.145,-0.190641065,0,0,0,0,0,0
0.491,1960,2,3,1,0.4946,-0.68,0,-0.39,NA,NA,0,0,0.35,-2.009061693,0.2181,0.03773025,-0.06447399,0,0,0,0,0,0
0.444,1960,3,4,1,0.4946,-0.68,0,-0.39,-0.033,-0.029,0,0,0.1875,-4.409061693,-0.3627,-0.118058319,0.045695874,0,0,0,0,0,0
0.538,1960,4,8,1,0.4946,-0.68,0,-0.39,0.112,0.114,0,0,0.5,4.590938307,-0.2121,0.145,-0.19551395,0,0,0,0,0,0
0.497,1960,5,32,1,0.4946,-0.68,0,-0.39,0.047,0.01,-1,0,0.094936709,-2.309061693,0.1496,0.017106479,-0.004362735,0,0,0,0,0,0
0.451,1960,6,6,1,0.4946,-0.68,0,-0.39,-0.021,-0.053,0,0,0.176923077,-2.809061693,-0.0206,-0.120071499,-0.033555022,0,0,0,0,0,0
0.537,1960,7,8,1,0.4946,-0.68,0,-0.39,-0.059,-0.005,0,0,0.001792115,-1.209061693,0.4493,-0.145,0.236461824,0,0,0,1,0,0
0.508,1960,8,3,1,0.4946,-0.68,0,-0.39,0.025,0.034,0,0,0.242857143,-0.309061693,-0.186,0.074437286,-0.08879702,0,0,0,0,0,0
0.485,1960,9,10,1,0.4946,-0.68,0,-0.39,0.005,0.004,0,0,0.468421053,-1.809061693,-0.3438,-0.000498163,-0.111601647,0,0,0,0,0,0
0.626,1960,10,12,1,0.4946,-0.68,0,-0.39,0.244,0.251,0,0,0.5,0.290938307,-0.4633,0.145,-0.205458464,0,0,0,0,0,0
0.5,1960,11,3,1,0.4946,-0.68,0,-0.39,NA,NA,0,0,0.147058824,-5.209061693,0.5367,0.145,0.100974223,0,0,0,0,0,0
0.462,1960,12,4,1,0.4946,-0.68,0,-0.39,-0.034,-0.101,0,0,0.093220339,0.990938307,-0.3122,-0.145,-0.157017875,0,0,0,0,0,0
0.501,1960,13,27,1,0.4946,-0.68,0,-0.39,-0.051,-0.029,0,0,0.019774011,0.290938307,0.0039,-0.051316447,0.072956054,0,0,0,0,0,0
0.448,1960,14,13,1,0.4946,-0.68,0,-0.39,-0.023,-0.032,0,0,0.29,-0.709061693,-0.008,-0.102535167,-0.085199948,0,0,0,0,0,0
0.432,1960,15,10,1,0.4946,-0.68,0,-0.39,-0.014,-0.088,0,0,-0.055555556,3.590938307,0.0031,-0.14249886,-0.058505006,0,0,0,0,0,0
0.393,1960,16,8,1,0.4946,-0.68,0,-0.39,-0.079,-0.139,0,0,-0.052,5.790938307,-0.5155,-0.145,-0.091658564,0,0,0,0,0,0
0.464,1960,17,10,1,0.4946,-0.68,0,-0.39,0.032,0.055,0,0,0.3,2.490938307,-0.0821,0.114346999,-0.124110918,0,0,0,0,0,0
0.638,1960,18,10,1,0.4946,-0.68,0,-0.39,0.004,0.083,0,0,0.5,2.290938307,-0.3767,0.083014979,0.122751037,0,0,0,0,0,0
0.43,1960,19,5,1,0.4946,-0.68,0,-0.39,-0.131,-0.108,0,0,-0.11589404,-0.809061693,0.4677,-0.145,0.046487195,0,0,0,1,0,0
0.536,1960,20,9,1,0.4946,-0.68,0,-0.39,-0.022,-0.004,0,0,0.443089431,0.090938307,0.2438,-0.069388884,-0.012565572,0,0,0,0,0,0
0.603,1960,21,16,1,0.4946,-0.68,0,-0.39,-0.017,0.01,1,-1,0.104166667,-0.609061693,0.534,-0.042332419,0.292775185,0,0,0,1,0,0
0.511,1960,22,20,1,0.4946,-0.68,0,-0.39,0.021,-0.003,0,0,0,-2.309061693,0.1034,0.0250775,0.030840773,0,0,0,0,0,0
0.507,1960,23,11,1,0.4946,-0.68,0,-0.39,0.04,-0.002,0,0,0.11567,-0.009061693,0.2634,0.069962527,0.046081567,0,0,0,0,0,0
NA,1960,24,8,1,0.4946,-0.68,0,-0.39,0.282,0.158,0,0,0.5,3.290938307,-0.761,0.145,-0.191141623,0,0,0,0,0,0
0.503,1960,25,13,1,0.4946,-0.68,0,-0.39,0.079,0.046,0,0,0.213375796,1.590938307,0.0945,0.145,-0.054840815,0,0,0,0,0,0
0.487,1960,26,4,1,0.4946,-0.68,0,-0.39,0.007,-0.043,0,0,0.163043478,5.390938307,0.3816,-0.049355315,0.000528205,0,0,0,0,0,0
0.379,1960,27,6,1,0.4946,-0.68,0,-0.39,-0.077,-0.137,0,0,-0.22,3.590938307,-0.7822,-0.145,-0.043386861,0,0,0,0,0,0
0.512,1960,28,3,1,0.4946,-0.68,0,-0.39,-0.002,-0.06,0,0,0.20212766,-5.009061693,-0.2915,-0.085427272,-0.045646971,0,0,0,0,0,0
0.464,1960,29,4,1,0.4946,-0.68,0,-0.39,-0.084,-0.055,0,0,-0.156641604,-2.709061693,-0.1827,-0.145,0.145628562,0,0,0,1,0,0
0.504,1960,30,16,1,0.4946,-0.68,0,-0.39,-0.076,-0.021,0,0,0.066666667,-1.809061693,0.4239,-0.145,0.176512931,0,0,0,0,0,0
0.504,1960,31,4,1,0.4946,-0.68,0,-0.39,-0.002,-0.003,0,0,0.409090909,2.790938307,-0.1434,-0.023773889,0.1722942,0,0,0,0,0,0
0.526,1960,32,45,1,0.4946,-0.68,0,-0.39,-0.034,-0.006,0,0,-0.113333333,-0.809061693,0.298,-0.0988196,0.127399681,0,0,0,0,0,0
0.521,1960,33,14,1,0.4946,-0.68,0,-0.39,0.085,0.093,0,0,0.466666667,0.490938307,-0.5367,0.145,-0.211710116,0,0,0,0,0,0
0.445,1960,34,4,1,0.4946,-0.68,0,-0.39,-0.04,-0.16,0,0,-0.066371681,3.490938307,-0.1912,-0.145,0.031808262,0,0,0,0,0,0
0.467,1960,35,25,1,0.4946,-0.68,0,-0.39,-0.033,-0.014,0,0,0.061151079,-1.209061693,-0.2095,-0.103662129,-0.009976741,0,0,0,0,0,0
0.41,1960,36,8,1,0.4946,-0.68,0,-0.39,0.027,0.008,0,0,0.424369748,3.490938307,-0.2404,0.05209502,-0.178301385,0,0,0,0,0,0
0.473,1960,37,6,1,0.4946,-0.68,0,-0.39,0.026,-0.055,0,0,0.05,-1.109061693,0.3048,-0.018663554,-0.103271696,0,0,0,0,0,0
0.512,1960,38,32,1,0.4946,-0.68,0,-0.39,0.012,0.025,0,0,0.014285714,-0.109061693,0.1071,0.037051535,0.090801765,0,0,0,0,0,0
0.636,1960,39,4,1,0.4946,-0.68,0,-0.39,-0.005,0.045,0,0,0.21,1.090938307,0.693,0.02248767,0.382596991,0,0,0,1,0,0
0.512,1960,40,8,1,0.4946,-0.68,0,-0.39,0.221,0.061,0,0,0.5,0.590938307,-0.5476,0.145,-0.206727154,0,0,0,0,0,0
0.418,1960,41,4,1,0.4946,-0.68,0,-0.39,-0.006,-0.139,0,0,-0.073333333,-4.209061693,-0.0197,-0.145,-0.032578686,0,0,0,0,0,0
0.464,1960,42,11,1,0.4946,-0.68,0,-0.39,0.05,0.052,0,0,0.338383838,1.490938307,-0.2737,0.145,-0.1993138,0,0,0,0,0,0
0.51,1960,43,24,1,0.4946,-0.68,0,-0.39,0.087,0.088,0,1,0.5,2.790938307,-0.2663,0.054086371,-0.027795789,0,0,0,0,0,0
0.452,1960,44,4,1,0.4946,-0.68,0,-0.39,-0.068,-0.035,0,0,0.15625,-1.209061693,-0.2153,-0.145,-0.173679616,0,0,0,0,0,0
0.414,1960,45,3,1,0.4946,-0.68,0,-0.39,-0.144,-0.163,0,0,-0.316326531,-2.609061693,0.1404,-0.145,0.097585827,0,0,0,1,0,0
0.473,1960,46,12,1,0.4946,-0.68,0,-0.39,-0.013,-0.011,0,0,0.45,1.790938307,-0.6992,-0.054496611,-0.164533991,0,0,0,0,0,0
0.488,1960,47,9,1,0.4946,-0.68,0,-0.39,0.035,0.006,0,0,0.166666667,0.690938307,0.3543,0.068393866,-0.097714593,0,0,0,0,0,0
0.527,1960,48,8,1,0.4946,-0.68,0,-0.39,0.037,0.073,0,0,0.35,2.590938307,0.2172,0.145,-0.170179396,0,0,0,0,0,0
0.481,1960,49,12,1,0.4946,-0.68,0,-0.39,-0.042,-0.058,0,0,0.05,-1.109061693,0.1926,-0.145,0.108417313,0,0,0,0,0,0
0.45,1960,50,3,1,0.4946,-0.68,0,-0.39,-0.023,-0.074,0,0,0.035714286,-3.109061693,-0.2202,-0.145,-0.073981306,0,0,0,0,0,0
0.589,1956,1,11,1,0.4409,-0.69,-0.69,-0.46,0.178,NA,0,0,0.5,-4.756458048,-0.5169,-0.084589061,0,0,0,0,0,0,0
0.389,1956,3,4,1,0.4409,-0.69,-0.69,-0.46,-0.029,0.027,0,0,0.25,-3.156458048,-0.3627,-0.05721803,0,0,0,0,0,0,0
0.534,1956,4,8,1,0.4409,-0.69,-0.69,-0.46,0.114,NA,0,0,0.47979798,-2.656458048,-0.2121,0.135,0,0,0,0,0,0,0
0.444,1956,5,32,1,0.4409,-0.69,-0.69,-0.46,0.01,0.004,0,-1,-0.078947368,-1.956458048,0.1496,-0.067022754,0,0,0,0,0,0,0
0.401,1956,6,6,1,0.4409,-0.69,-0.69,-0.46,-0.053,0.003,0,0,-0.0625,-0.556458048,-0.0206,-0.127001251,0,0,0,0,0,0,0
0.363,1956,7,8,1,0.4409,-0.69,-0.69,-0.46,-0.005,-0.033,0,0,-0.166666667,-1.056458048,0.4493,-0.056967207,0,0,0,0,0,0,0
0.447,1956,8,3,1,0.4409,-0.69,-0.69,-0.46,0.034,-0.03,0,0,0.271428571,-11.25645805,-0.186,0.029647506,0,0,0,0,0,0,0
0.427,1956,9,10,1,0.4409,-0.69,-0.69,-0.46,0.004,NA,0,0,0.436842105,-8.156458048,-0.3438,0.061267855,0,0,0,0,0,0,0
0.666,1956,10,12,1,0.4409,-0.69,-0.69,-0.46,0.251,NA,0,0,0.485365854,-1.356458048,-0.4633,0.135,0,0,0,0,0,0,0
0.388,1956,12,4,1,0.4409,-0.69,-0.69,-0.46,-0.101,-0.01,0,0,-0.110169492,0.843541952,-0.3122,-0.135,0,0,0,0,0,0,0
0.404,1956,13,27,1,0.4409,-0.69,-0.69,-0.46,-0.029,-0.019,1,0,-0.013157895,-2.156458048,0.0039,-0.02365457,0,0,0,0,0,0,0
0.399,1956,14,13,1,0.4409,-0.69,-0.69,-0.46,-0.032,-0.028,0,0,-0.126262626,-2.456458048,-0.008,-0.11148206,0,0,0,0,0,0,0
0.408,1956,15,10,1,0.4409,-0.69,-0.69,-0.46,-0.088,-0.01,0,0,-0.324074074,11.14354195,0.0031,-0.135,0,0,0,0,0,0,0
0.343,1956,16,8,1,0.4409,-0.69,-0.69,-0.46,-0.139,-0.07,0,0,-0.212,9.043541952,-0.5155,-0.135,0,0,0,0,0,0,0
0.454,1956,17,10,1,0.4409,-0.69,-0.69,-0.46,0.055,0.028,0,0,0.27,3.343541952,-0.0821,0.135,0,0,0,0,0,0,0
0.426,1956,18,10,1,0.4409,-0.69,-0.69,-0.46,0.083,NA,0,0,0.5,-2.356458048,-0.3767,0.135,0,0,0,0,0,0,0
0.291,1956,19,5,1,0.4409,-0.69,-0.69,-0.46,-0.108,-0.097,0,0,-0.283783784,-0.856458048,0.4677,-0.135,0,0,0,0,0,0,0
0.4,1956,20,9,1,0.4409,-0.69,-0.69,-0.46,-0.004,-0.031,0,0,0.296747967,-2.556458048,0.2438,-0.053330854,0,0,0,0,0,0,0
0.405,1956,21,16,1,0.4409,-0.69,-0.69,-0.46,0.01,0.035,0,0,0.029166667,0.743541952,0.534,0.042253794,0,0,0,0,0,0,0
0.443,1956,22,20,1,0.4409,-0.69,-0.69,-0.46,-0.003,-0.032,0,0,-0.032110092,1.043541952,0.1034,-0.054151108,0,0,0,0,0,0,0
0.462,1956,23,11,1,0.4409,-0.69,-0.69,-0.46,-0.002,0.065,0,0,0.11567,1.643541952,0.2634,0.043602584,0,0,0,0,0,0,0
0.704,1956,24,8,1,0.4409,-0.69,-0.69,-0.46,0.158,NA,0,0,0.5,-2.556458048,-0.761,0.135,0,0,0,0,0,0,0
0.501,1956,25,13,1,0.4409,-0.69,-0.69,-0.46,0.046,-0.007,0,0,0.117834395,1.643541952,0.0945,0.135,0,0,0,0,0,0,0
0.429,1956,26,4,1,0.4409,-0.69,-0.69,-0.46,-0.043,0.027,0,0,0.021276596,2.043541952,0.3816,-0.081361651,0,0,0,0,0,0,0
0.345,1956,27,6,1,0.4409,-0.69,-0.69,-0.46,-0.137,-0.065,0,0,-0.22,12.44354195,-0.7822,-0.135,0,0,0,0,0,0,0
0.42,1956,28,3,1,0.4409,-0.69,-0.69,-0.46,-0.06,-0.008,0,0,0.138297872,2.643541952,-0.2915,-0.135,0,0,0,0,0,0,0
0.338,1956,29,4,1,0.4409,-0.69,-0.69,-0.46,-0.055,-0.053,0,0,-0.159033079,1.243541952,-0.1827,-0.135,0,0,0,0,0,0,0
0.346,1956,30,16,1,0.4409,-0.69,-0.69,-0.46,-0.021,-0.047,0,0,-0.166666667,0.243541952,0.4239,-0.105413794,0,0,0,0,0,0,0
0.42,1956,31,4,1,0.4409,-0.69,-0.69,-0.46,-0.003,0.043,0,0,0.445454545,-0.856458048,-0.1434,0.023477841,0,0,0,0,0,0,0
0.388,1956,32,45,1,0.4409,-0.69,-0.69,-0.46,-0.006,0.004,0,0,-0.1,1.243541952,0.298,-0.056072447,0,0,0,0,0,0,0
0.507,1956,33,14,1,0.4409,-0.69,-0.69,-0.46,0.093,NA,0,0,0.424369748,0.043541952,-0.5367,0.135,0,0,0,0,0,0,0
0.382,1956,34,4,1,0.4409,-0.69,-0.69,-0.46,-0.16,-0.07,0,0,-0.482300885,1.343541952,-0.1912,-0.135,0,0,0,0,0,0,0
0.389,1956,35,25,1,0.4409,-0.69,-0.69,-0.46,-0.014,-0.022,0,0,-0.159090909,-1.256458048,-0.2095,-0.065911013,0,0,0,0,0,0,0
0.449,1956,36,8,1,0.4409,-0.69,-0.69,-0.46,0.008,0.103,0,0,0.341666667,1.943541952,-0.2404,0.104588285,0,0,0,0,0,0,0
0.448,1956,37,6,1,0.4409,-0.69,-0.69,-0.46,-0.055,-0.042,0,0,-0.083333333,1.943541952,0.3048,-0.135,0,0,0,0,0,0,0
0.434,1956,38,32,1,0.4409,-0.69,-0.69,-0.46,0.025,-0.044,0,0,0.035885167,-1.156458048,0.1071,-0.004456481,0,0,0,0,0,0,0
0.417,1956,39,4,1,0.4409,-0.69,-0.69,-0.46,0.045,0.058,0,0,0.17,2.043541952,0.693,0.135,0,0,0,0,0,0,0
0.643,1956,40,8,1,0.4409,-0.69,-0.69,-0.46,0.061,NA,0,0,0.5,3.443541952,-0.5476,0.135,0,0,0,0,0,0,0
0.416,1956,41,4,1,0.4409,-0.69,-0.69,-0.46,-0.139,-0.048,0,0,-0.26,10.14354195,-0.0197,-0.135,0,0,0,0,0,0,0
0.497,1956,42,11,1,0.4409,-0.69,-0.69,-0.46,0.052,NA,0,1,0.306122449,0.243541952,-0.2737,0.135,0,0,0,0,0,0,0
0.443,1956,43,24,1,0.4409,-0.69,-0.69,-0.46,0.088,NA,-1,0,0.5,1.243541952,-0.2663,0.135,0,0,0,0,0,0,0
0.354,1956,44,4,1,0.4409,-0.69,-0.69,-0.46,-0.035,0.021,0,0,-0.05,-2.356458048,-0.2153,-0.070502204,0,0,0,0,0,0,0
0.278,1956,45,3,1,0.4409,-0.69,-0.69,-0.46,-0.163,-0.149,0,0,-0.400414938,0.043541952,0.1404,-0.135,0,0,0,0,0,0,0
0.409,1956,46,12,1,0.4409,-0.69,-0.69,-0.46,-0.011,NA,0,0,0.44,1.543541952,-0.6992,-0.022957587,0,0,0,0,0,0,0
0.457,1956,47,9,1,0.4409,-0.69,-0.69,-0.46,0.006,0.028,0,0,0.005050505,5.043541952,0.3543,0.0252974,0,0,0,0,0,0,0
0.459,1956,48,8,1,0.4409,-0.69,-0.69,-0.46,0.073,0.052,0,0,0.257575758,-1.456458048,0.2172,0.135,0,0,0,0,0,0,0
0.38,1956,49,12,1,0.4409,-0.69,-0.69,-0.46,-0.058,-0.001,0,0,-0.132653061,-1.756458048,0.1926,-0.135,0,0,0,0,0,0,0
0.399,1956,50,3,1,0.4409,-0.69,-0.69,-0.46,-0.074,-0.002,0,0,-0.071428571,-0.256458048,-0.2202,-0.135,0,0,0,0,0,0,0
0.649,1952,1,11,1,0.4211,0.28,0,-0.24,NA,0.279,0,1,0.490566038,0.216054498,-0.5169,-0.097089061,0,0,0,0,0,0,0
0.417,1952,3,4,1,0.4211,0.28,0,-0.24,0.027,0.052,0,0,0.361111111,14.1160545,-0.3627,-0.06971803,0,0,0,0,0,0,0
0.56,1952,4,8,1,0.4211,0.28,0,-0.24,NA,0.163,0,0,0.48,-6.083945502,-0.2121,0.1525,0,0,0,0,0,0,0
0.431,1952,5,32,1,0.4211,0.28,0,-0.24,0.004,0.03,0,-1,-0.0875,4.216054498,0.1496,-0.079522754,0,0,0,0,0,0,0
0.393,1952,6,6,1,0.4211,0.28,0,-0.24,0.003,-0.072,0,0,-0.223076923,5.016054498,-0.0206,-0.139501251,0,0,0,0,0,0,0
0.441,1952,7,8,1,0.4211,0.28,0,-0.24,-0.033,-0.011,0,0,-0.185920578,3.116054498,0.4493,-0.069467207,0,0,0,0,0,0,0
0.48,1952,8,3,1,0.4211,0.28,0,-0.24,-0.03,0.008,0,0,-0.042857143,-4.183945502,-0.186,0.017147506,0,0,0,0,0,0,0
0.45,1952,9,10,1,0.4211,0.28,0,-0.24,NA,0.165,0,0,0.468421053,1.516054498,-0.3438,0.048767855,0,0,0,0,0,0,0
0.697,1952,10,12,1,0.4211,0.28,0,-0.24,NA,0.288,0,0,0.495121951,3.816054498,-0.4633,0.1525,0,0,0,0,0,0,0
0.345,1952,12,4,1,0.4211,0.28,0,-0.24,-0.01,-0.02,0,0,-0.110169492,2.716054498,-0.3122,-0.1525,0,0,0,0,0,0,0
0.45,1952,13,27,1,0.4211,0.28,0,-0.24,-0.019,-0.021,1,0,-0.049019608,-1.583945502,0.0039,-0.03615457,0,0,0,0,0,0,0
0.414,1952,14,13,1,0.4211,0.28,0,-0.24,-0.028,-0.067,0,0,-0.19,-1.083945502,-0.008,-0.12398206,0,0,0,0,0,0,0
0.358,1952,15,10,1,0.4211,0.28,0,-0.24,-0.01,-0.061,0,0,-0.361111111,-6.783945502,0.0031,-0.1525,0,0,0,0,0,0,0
0.307,1952,16,8,1,0.4211,0.28,0,-0.24,-0.07,-0.144,0,0,-0.34,3.416054498,-0.5155,-0.1525,0,0,0,0,0,0,0
0.501,1952,17,10,1,0.4211,0.28,0,-0.24,0.028,0.009,0,0,0.23,3.816054498,-0.0821,0.144699219,0,0,0,0,0,0,0
0.529,1952,18,10,1,0.4211,0.28,0,-0.24,NA,0.268,0,0,0.5,1.816054498,-0.3767,0.1525,0,0,0,0,0,0,0
0.338,1952,19,5,1,0.4211,0.28,0,-0.24,-0.097,-0.063,0,0,-0.34,4.016054498,0.4677,-0.1525,0,0,0,0,0,0,0
0.442,1952,20,9,1,0.4211,0.28,0,-0.24,-0.031,-0.018,0,0,0.215447154,6.016054498,0.2438,-0.065830854,0,0,0,0,0,0,0
0.456,1952,21,16,1,0.4211,0.28,0,-0.24,0.035,-0.009,0,0,0.016666667,-3.483945502,0.534,0.029753794,0,0,0,0,0,0,0
0.443,1952,22,20,1,0.4211,0.28,0,-0.24,-0.032,-0.033,0,0,-0.16,-2.083945502,0.1034,-0.066651108,0,0,0,0,0,0,0
0.444,1952,23,11,1,0.4211,0.28,0,-0.24,0.065,-0.01,0,0,0.11567,-2.783945502,0.2634,0.031102584,0,0,0,0,0,0,0
0.604,1952,24,8,1,0.4211,0.28,0,-0.24,NA,0.398,0,0,0.5,0.316054498,-0.761,0.1525,0,0,0,0,0,0,0
0.492,1952,25,13,1,0.4211,0.28,0,-0.24,-0.007,-0.048,0,0,0.058441558,-2.783945502,0.0945,0.132125908,0,0,0,0,0,0,0
0.403,1952,26,4,1,0.4211,0.28,0,-0.24,0.027,0.009,0,0,-0.044444444,-8.083945502,0.3816,-0.093861651,0,0,0,0,0,0,0
0.309,1952,27,6,1,0.4211,0.28,0,-0.24,-0.065,-0.124,0,0,-0.22,-10.5839455,-0.7822,-0.1525,0,0,0,0,0,0,0
0.386,1952,28,3,1,0.4211,0.28,0,-0.24,-0.008,0.008,0,0,0.034883721,11.5160545,-0.2915,-0.1525,0,0,0,0,0,0,0
0.391,1952,29,4,1,0.4211,0.28,0,-0.24,-0.053,-0.017,0,0,-0.164141414,-0.483945502,-0.1827,-0.1525,0,0,0,0,0,0,0
0.425,1952,30,16,1,0.4211,0.28,0,-0.24,-0.047,-0.031,0,0,-0.216666667,0.616054498,0.4239,-0.117913794,0,0,0,0,0,0,0
0.443,1952,31,4,1,0.4211,0.28,0,-0.24,0.043,-0.002,0,0,0.336363636,7.916054498,-0.1434,0.010977841,0,0,0,0,0,0,0
0.44,1952,32,45,1,0.4211,0.28,0,-0.24,0.004,-0.013,0,0,-0.08,-2.483945502,0.298,-0.068572447,0,0,0,0,0,0,0
0.539,1952,33,14,1,0.4211,0.28,0,-0.24,NA,0.129,0,0,0.425,-1.583945502,-0.5367,0.1525,0,0,0,0,0,0,0
0.286,1952,34,4,1,0.4211,0.28,0,-0.24,-0.07,-0.08,0,0,-0.491150442,-18.0839455,-0.1912,-0.1525,0,0,0,0,0,0,0
0.432,1952,35,25,1,0.4211,0.28,0,-0.24,-0.022,-0.015,0,0,-0.231343284,1.116054498,-0.2095,-0.078411013,0,0,0,0,0,0,0
0.454,1952,36,8,1,0.4211,0.28,0,-0.24,0.103,0.019,0,0,0.338983051,3.416054498,-0.2404,0.092088285,0,0,0,0,0,0,0
0.391,1952,37,6,1,0.4211,0.28,0,-0.24,-0.042,-0.013,0,0,-0.35,-0.083945502,0.3048,-0.1525,0,0,0,0,0,0,0
0.471,1952,38,32,1,0.4211,0.28,0,-0.24,-0.044,-0.024,0,0,-0.079710145,-2.083945502,0.1071,-0.016956481,0,0,0,0,0,0,0
0.491,1952,39,4,1,0.4211,0.28,0,-0.24,0.058,0.049,0,0,0.176767677,-5.483945502,0.693,0.126051122,0,0,0,0,0,0,0
0.507,1952,40,8,1,0.4211,0.28,0,-0.24,NA,0.413,0,0,0.5,7.016054498,-0.5476,0.1525,0,0,0,0,0,0,0
0.307,1952,41,4,1,0.4211,0.28,0,-0.24,-0.048,-0.121,0,0,-0.391891892,-16.0839455,-0.0197,-0.1525,0,0,0,0,0,0,0
0.498,1952,42,11,1,0.4211,0.28,0,-0.24,NA,0.069,0,0,0.308080808,-3.883945502,-0.2737,0.134180198,0,0,0,0,0,0,0
0.468,1952,43,24,1,0.4211,0.28,0,-0.24,NA,0.272,-1,0,0.493333333,4.816054498,-0.2663,0.1525,0,0,0,0,0,0,0
0.411,1952,44,4,1,0.4211,0.28,0,-0.24,0.021,0.068,0,0,0,1.216054498,-0.2153,-0.083002204,0,0,0,0,0,0,0
0.283,1952,45,3,1,0.4211,0.28,0,-0.24,-0.149,-0.108,0,0,-0.407563025,-1.383945502,0.1404,-0.1525,0,0,0,0,0,0,0
0.435,1952,46,12,1,0.4211,0.28,0,-0.24,NA,0.087,0,0,0.428571429,2.316054498,-0.6992,-0.035457587,0,0,0,0,0,0,0
0.452,1952,47,9,1,0.4211,0.28,0,-0.24,0.028,0.036,0,0,0.176767677,-0.583945502,0.3543,0.0127974,0,0,0,0,0,0,0
0.519,1952,48,8,1,0.4211,0.28,0,-0.24,0.052,0.011,0,0,0.212765957,0.016054498,0.2172,0.1525,0,0,0,0,0,0,0
0.388,1952,49,12,1,0.4211,0.28,0,-0.24,-0.001,-0.047,0,0,-0.267676768,-1.183945502,0.1926,-0.1525,0,0,0,0,0,0,0
0.372,1952,50,3,1,0.4211,0.28,0,-0.24,-0.002,-0.05,0,0,-0.196428571,-0.883945502,-0.2202,-0.1525,0,0,0,0,0,0,0
NA,1948,1,11,1,0.4561,0.39,0.39,1.78,0.279,0.306,0,0,0.490566038,-0.475883781,-0.5169,-0.147089061,0,0,0,0,0,0,0
0.551,1948,3,4,1,0.4561,0.39,0.39,1.78,0.052,0.088,0,0,0.413793103,8.024116219,-0.3627,-0.11971803,0,0,0,0,0,0,0
0.746,1948,4,9,1,0.4561,0.39,0.39,1.78,0.163,0.239,0,0,0.47,8.124116219,-0.2121,0.1475,0,0,0,0,0,0,0
0.503,1948,5,25,1,0.4561,0.39,0.39,1.78,0.03,0.032,0,-1,-0.115384615,-4.675883781,0.1496,-0.129522754,0,0,0,0,0,0,0
0.527,1948,6,6,1,0.4561,0.39,0.39,1.78,-0.072,-0.063,0,0,-0.207692308,-1.075883781,-0.0206,-0.1475,0,0,0,0,0,0,0
0.491,1948,7,8,1,0.4561,0.39,0.39,1.78,-0.011,-0.014,0,0,-0.334558824,-7.075883781,0.4493,-0.119467207,0,0,0,0,0,0,0
0.494,1948,8,3,1,0.4561,0.39,0.39,1.78,0.008,-0.002,0,0,-0.185714286,-4.975883781,-0.186,-0.032852494,0,0,0,0,0,0,0
0.592,1948,9,8,1,0.4561,0.39,0.39,1.78,0.165,0.19,0,0,0.489473684,-5.675883781,-0.3438,-0.001232145,0,0,0,0,0,0,0
0.769,1948,10,12,1,0.4561,0.39,0.39,1.78,0.288,0.301,0,0,0.495121951,-0.275883781,-0.4633,0.1475,0,0,0,0,0,0,0
0.514,1948,12,4,1,0.4561,0.39,0.39,1.78,-0.02,-0.004,0,0,-0.194915254,0.624116219,-0.3122,-0.1475,0,0,0,0,0,0,0
0.505,1948,13,28,1,0.4561,0.39,0.39,1.78,-0.021,-0.037,0,0,-0.075163399,3.224116219,0.0039,-0.08615457,0,0,0,0,0,0,0
0.496,1948,14,13,1,0.4561,0.39,0.39,1.78,-0.067,0.008,0,0,-0.38,3.224116219,-0.008,-0.1475,0,0,0,0,0,0,0
0.514,1948,15,10,1,0.4561,0.39,0.39,1.78,-0.061,-0.097,0,0,-0.407407407,26.32411622,0.0031,-0.1475,0,0,0,0,0,0,0
0.454,1948,16,8,1,0.4561,0.39,0.39,1.78,-0.144,-0.123,0,0,-0.356,-6.575883781,-0.5155,-0.1475,0,0,0,0,0,0,0
0.577,1948,17,11,1,0.4561,0.39,0.39,1.78,0.009,0.026,0,1,0.19,4.924116219,-0.0821,0.094699219,0,0,0,0,0,0,0
0.652,1948,18,10,1,0.4561,0.39,0.39,1.78,0.268,0.309,0,0,0.5,5.024116219,-0.3767,0.1475,0,0,0,0,0,0,0
0.427,1948,19,5,1,0.4561,0.39,0.39,1.78,-0.063,-0.062,0,0,-0.341059603,-1.275883781,0.4677,-0.1475,0,0,0,0,0,0,0
0.493,1948,20,8,1,0.4561,0.39,0.39,1.78,-0.018,0.038,0,0,0.207317073,0.424116219,0.2438,-0.115830854,0,0,0,0,0,0,0
0.559,1948,21,16,1,0.4561,0.39,0.39,1.78,-0.009,-0.016,0,0,-0.1,-3.675883781,0.534,-0.020246206,0,0,0,0,0,0,0
0.492,1948,22,19,1,0.4561,0.39,0.39,1.78,-0.033,-0.052,0,0,-0.45,-2.375883781,0.1034,-0.116651108,0,0,0,0,0,0,0
0.589,1948,23,11,1,0.4561,0.39,0.39,1.78,-0.01,-0.031,0,0,0.11567,6.624116219,0.2634,-0.018897416,0,0,0,0,0,0,0
0.802,1948,24,9,1,0.4561,0.39,0.39,1.78,0.398,0.408,0,0,0.5,6.924116219,-0.761,0.1475,0,0,0,0,0,0,0
0.583,1948,25,15,1,0.4561,0.39,0.39,1.78,-0.048,-0.026,1,0,-0.149350649,3.224116219,0.0945,0.082125908,0,0,0,0,0,0,0
0.551,1948,26,4,1,0.4561,0.39,0.39,1.78,0.009,0.044,0,0,-0.155555556,2.724116219,0.3816,-0.143861651,0,0,0,0,0,0,0
0.459,1948,27,6,1,0.4561,0.39,0.39,1.78,-0.124,-0.122,0,0,-0.22,13.12411622,-0.7822,-0.1475,0,0,0,0,0,0,0
0.516,1948,28,3,1,0.4561,0.39,0.39,1.78,0.008,0.051,0,0,0.192307692,-5.975883781,-0.2915,-0.1475,0,0,0,0,0,0,0
0.471,1948,29,4,1,0.4561,0.39,0.39,1.78,-0.017,-0.018,0,0,-0.181704261,-2.675883781,-0.1827,-0.1475,0,0,0,0,0,0,0
0.477,1948,30,16,1,0.4561,0.39,0.39,1.78,-0.031,-0.032,0,0,-0.3,-2.175883781,0.4239,-0.1475,0,0,0,0,0,0,0
0.567,1948,31,4,1,0.4561,0.39,0.39,1.78,-0.002,0.017,0,0,0.112244898,4.724116219,-0.1434,-0.039022159,0,0,0,0,0,0,0
0.495,1948,32,47,1,0.4561,0.39,0.39,1.78,-0.013,-0.065,-1,0,-0.231543624,-3.675883781,0.298,-0.118572447,0,0,0,0,0,0,0
0.639,1948,33,14,1,0.4561,0.39,0.39,1.78,0.129,0.19,0,0,0.391666667,2.624116219,-0.5367,0.1475,0,0,0,0,0,0,0
0.454,1948,34,4,1,0.4561,0.39,0.39,1.78,-0.08,-0.105,0,0,-0.482300885,-10.37588378,-0.1912,-0.1475,0,0,0,0,0,0,0
0.502,1948,35,25,1,0.4561,0.39,0.39,1.78,-0.015,-0.028,0,0,-0.384892086,1.424116219,-0.2095,-0.128411013,0,0,0,0,0,0,0
0.627,1948,36,10,1,0.4561,0.39,0.39,1.78,0.019,0.026,0,0,0.296610169,-2.075883781,-0.2404,0.042088285,0,0,0,0,0,0,0
0.482,1948,37,6,1,0.4561,0.39,0.39,1.78,-0.013,0.016,0,0,-0.466666667,2.324116219,0.3048,-0.1475,0,0,0,0,0,0,0
0.48,1948,38,35,1,0.4561,0.39,0.39,1.78,-0.024,-0.015,0,0,-0.319512195,-4.375883781,0.1071,-0.066956481,0,0,0,0,0,0,0
0.582,1948,39,4,1,0.4561,0.39,0.39,1.78,0.049,0.018,0,0,0.06122449,-7.775883781,0.693,0.076051122,0,0,0,0,0,0,0
0.864,1948,40,8,1,0.4561,0.39,0.39,1.78,0.413,0.406,0,0,0.5,4.124116219,-0.5476,0.1475,0,0,0,0,0,0,0
0.476,1948,41,4,1,0.4561,0.39,0.39,1.78,-0.121,-0.124,0,0,-0.46,12.22411622,-0.0197,-0.1475,0,0,0,0,0,0,0
0.571,1948,42,12,1,0.4561,0.39,0.39,1.78,0.069,0.125,0,0,0.310526316,-0.475883781,-0.2737,0.084180198,0,0,0,0,0,0,0
0.727,1948,43,23,1,0.4561,0.39,0.39,1.78,0.272,0.26,0,0,0.5,-1.275883781,-0.2663,0.1475,0,0,0,0,0,0,0
0.545,1948,44,4,1,0.4561,0.39,0.39,1.78,0.068,0.073,0,0,-0.15,-2.275883781,-0.2153,-0.133002204,0,0,0,0,0,0,0
0.375,1948,45,3,1,0.4561,0.39,0.39,1.78,-0.108,-0.1,0,0,-0.401234568,-1.875883781,0.1404,-0.1475,0,0,0,0,0,0,0
0.539,1948,46,11,1,0.4561,0.39,0.39,1.78,0.087,0.133,0,0,0.44,0.024116219,-0.6992,-0.085457587,0,0,0,0,0,0,0
0.552,1948,47,8,1,0.4561,0.39,0.39,1.78,0.036,0.039,0,0,-0.217171717,-0.875883781,0.3543,-0.0372026,0,0,0,0,0,0,0
0.576,1948,48,8,1,0.4561,0.39,0.39,1.78,0.011,0.021,0,0,0.095744681,-0.075883781,0.2172,0.133862392,0,0,0,0,0,0,0
0.523,1948,49,12,1,0.4561,0.39,0.39,1.78,-0.047,-0.04,0,0,-0.38,2.224116219,0.1926,-0.1475,0,0,0,0,0,0,0
0.522,1948,50,3,1,0.4561,0.39,0.39,1.78,-0.05,-0.02,0,0,-0.285714286,1.724116219,-0.2202,-0.1475,0,0,0,0,0,0,0